run,lb,inst_lumi_ub_s,collbunches,mu
507671,1,0.353471,900,0.002794099105775406
507671,2,0.353102,900,0.002791182253841214
507671,3,0.354672,1044,0.002416890265405314
507671,4,0.356078,1044,0.002426471364880773
507671,5,0.354952,1044,0.002418798307975107
507671,6,0.354905,1188,0.0021253291773522987
507671,7,0.355308,1188,0.002127742520806105
507671,8,0.354884,1296,0.0019481031350010154
507671,9,0.355065,1296,0.0019490967178828452
507671,10,0.355297,1404,0.00180034177899896
507671,11,0.356195,1404,0.0018048920761237345
507671,12,0.355648,1548,0.0016344812451816082
507671,13,0.355789,1548,0.001635129250668974
507671,14,0.356603,1548,0.0016388702185180205
507671,15,0.356287,1692,0.0014980632316753334
507671,16,0.357224,1836,0.001384198835405908
507671,17,0.358071,1836,0.001387480855688948
507671,18,0.357159,1908,0.001331722554538565
507671,19,0.357373,2016,0.0012611354605574258
507671,20,0.357896,2016,0.0012629810780099798
507671,21,0.358297,2016,0.0012643961690204464
507671,22,0.358624,2016,0.0012655501210414504
507671,23,0.358251,2016,0.0012642338393783479
507671,24,0.358473,2160,0.001180682772590287
507671,25,0.359195,2160,0.0011830607842168534
507671,26,0.358289,2160,0.001180076741926453
507671,27,0.358264,2160,0.0011799944008036496
507671,28,0.358715,2160,0.0011814798346590255
507671,29,0.358818,2160,0.001181819080084976
507671,30,0.359332,2304,0.0011095425127217035
507671,31,0.35985,2448,0.0010457806955596824
507671,32,0.359733,2448,0.0010454406751584583
507671,33,0.359936,2448,0.0010460306250853683
507671,34,0.360668,2448,0.0010481579322109754
507671,35,0.360967,2448,0.0010490268732363257
507671,36,0.361328,2448,0.0010500759960127522
507671,37,0.261848,2448,0.0007609714702540272
507671,38,0.265154,2448,0.0007705792262065639
507671,39,0.268715,2448,0.0007809280522643325
507671,40,0.267814,2448,0.0007783096045591794
507671,41,0.270121,2448,0.0007850141093935722
507671,42,0.273534,2448,0.0007949328241745786
507671,43,0.274193,2448,0.0007968479818190801
507671,44,0.279506,2448,0.0008122883954233835
507671,45,0.286809,2448,0.0008335120620057715
507671,46,0.292352,2448,0.0008496208917834216
507671,47,0.295355,2448,0.000858348082081506
507671,48,0.300469,2448,0.000873210170388001
507671,49,0.309078,2448,0.000898229278372087
507671,50,0.318105,2448,0.0009244631600972982
507671,51,0.325342,2448,0.0009454950202995086
507671,52,0.332084,2448,0.0009650883326503864
507671,53,0.329412,2448,0.0009573230804104654
507671,54,0.336092,2448,0.0009767362110102674
507671,55,0.344384,2448,0.0010008340671380455
507671,56,0.352696,2448,0.0010249900464113317
507671,57,0.360334,2448,0.0010471872756809852
507671,58,0.368568,2448,0.0010711165746867888
507671,59,0.377346,2448,0.0010966268232504208
507671,60,0.387698,2448,0.0011267113633655625
507671,61,0.400204,2448,0.001163055766251958
507671,62,0.412238,2448,0.0011980284629043555
507671,63,0.415425,2448,0.001207290386141117
507671,64,0.41468,2448,0.0012051252989709299
507671,65,0.413587,2448,0.0012019488690688963
507671,66,0.414171,2448,0.0012036460649177412
507671,67,0.413271,2448,0.0012010305233698638
507671,68,0.41456,2448,0.0012047765600978792
507671,69,0.416939,2448,0.0012116903082561024
507671,70,0.416533,2448,0.001210510408402282
507671,71,0.415743,2448,0.0012082145441547007
507671,72,0.421176,2448,0.0012240036966320543
507671,73,0.447866,2448,0.0013015690343129989
507671,74,0.458784,2448,0.0013332984594460284
507671,75,0.464371,2448,0.0013495351601437967
507671,76,0.481156,2448,0.001398315010011712
507671,77,0.47333,2448,0.0013755714231742794
507671,78,0.455849,2448,0.0013247688878426723
507671,79,0.453693,2448,0.001318503212756868
507671,80,0.454637,2448,0.001321246625224864
507671,81,804.963,2448,2.3393490788934517
507671,82,17561.4,2448,51.036190376550806
507671,83,16772.7,2448,48.74410413342749
507671,84,16499.8,2448,47.95101381296553
507671,85,16191.7,2448,47.055626756408806
507671,86,16789.0,2448,48.79147449701683
507671,87,17409.6,2448,50.59503570214212
507671,88,17396.3,2448,50.55638381037905
507671,89,17390.0,2448,50.53807501954391
507671,90,17377.4,2448,50.50145743787363
507671,91,17367.9,2448,50.47384894375715
507671,92,17356.5,2448,50.440718750817354
507671,93,17342.5,2448,50.400032548961484
507671,94,17331.5,2448,50.36806481893186
507671,95,17323.2,2448,50.34394371354589
507671,96,17317.0,2448,50.32592553843829
507671,97,17308.9,2448,50.30238566450739
507671,98,17285.2,2448,50.23350973707995
507671,99,17235.3,2448,50.08849248903652
507671,100,17203.9,2448,49.99723915058835
507671,101,17202.3,2448,49.99258929894768
507671,102,17624.7,2448,51.22015013208485
507671,103,18014.4,2448,52.35267962231581
507671,104,18192.9,2448,52.871428695978175
507671,105,18676.8,2448,54.27771820155363
507671,106,18913.6,2448,54.965896244372956
507671,107,19038.7,2448,55.32945651952793
507671,108,19303.3,2448,56.09842573460391
507671,109,19423.2,2448,56.446873991926694
507671,110,19407.0,2448,56.3997942440649
507671,111,19394.7,2448,56.364048509577245
507671,112,19368.7,2448,56.288488420416336
507671,113,18537.5,2448,53.8728904930877
507671,114,16232.0,2448,47.17274489460821
507671,115,17978.7,2448,52.24892980758332
507671,116,20457.3,2448,59.45213123043793
507671,117,21565.3,2448,62.67215349160266
507671,118,21552.1,2448,62.63379221556712
507671,119,21491.7,2448,62.4582603161318
507671,120,21444.4,2448,62.32079907700446
507671,121,21392.2,2448,62.169097667227554
507671,122,21353.7,2448,62.05721061212391
507671,123,21335.6,2448,62.004609165438815
507671,124,21266.8,2448,61.80466554488996
507671,125,21202.6,2448,61.61809024780802
507671,126,21230.3,2448,61.69859080433715
507671,127,21164.6,2448,61.50765627134209
507671,128,21180.8,2448,61.55473601920388
507671,129,21560.1,2448,62.65704147377047
507671,130,21722.2,2448,63.128129568115966
507671,131,21588.1,2448,62.738413877482216
507671,132,21444.8,2448,62.32196153991462
507671,133,21332.0,2448,61.994146999247306
507671,134,21236.5,2448,61.71660897944475
507671,135,21198.2,2448,61.605303155796186
507671,136,21380.6,2448,62.13538624283268
507671,137,21308.8,2448,61.92672415045757
507671,138,21188.9,2448,61.57827589313479
507671,139,21136.9,2448,61.427155714812976
507671,140,21339.3,2448,62.01536194735786
507671,141,21324.5,2448,61.97235081968166
507671,142,21222.1,2448,61.6747603146787
507671,143,21523.2,2448,62.5498042703075
507671,144,21471.3,2448,62.39897470771323
507671,145,21360.9,2448,62.07813494450693
507671,146,21367.5,2448,62.09731558252469
507671,147,21199.2,2448,61.608209313071605
507671,148,21174.7,2448,61.53700845982383
507671,149,21202.5,2448,61.61779963208049
507671,150,21432.2,2448,62.28534395824434
507671,151,21359.7,2448,62.07464755577642
507671,152,21702.4,2448,63.07058765406266
507671,153,21709.9,2448,63.09238383362831
507671,154,21642.1,2448,62.89534637035487
507671,155,21520.5,2448,62.54195764566386
507671,156,21444.2,2448,62.32021784554937
507671,157,21327.3,2448,61.980488060052835
507671,158,21693.6,2448,63.045013470038974
507671,159,21591.3,2448,62.747713580763566
507671,160,21486.2,2448,62.44227645111698
507671,161,21429.6,2448,62.277787949328236
507671,162,21357.5,2448,62.06825400977051
507671,163,21519.6,2448,62.53934210411598
507671,164,21486.9,2448,62.444310761209785
507671,165,21446.2,2448,62.3260301601002
507671,166,21544.7,2448,62.61228665172903
507671,167,21894.0,2448,63.62740738803301
507671,168,22232.3,2448,64.61056039430741
507671,169,22104.1,2448,64.23799103159865
507671,170,21647.3,2448,62.910458388187045
507671,171,21827.9,2448,63.43531039212781
507671,172,21868.4,2448,63.553009761782285
507671,173,21737.2,2448,63.17172192724726
507671,174,21649.1,2448,62.915689471282796
507671,175,21826.6,2448,63.431532387669755
507671,176,21726.2,2448,63.139754197217655
507671,177,21671.3,2448,62.98020616279712
507671,178,21739.7,2448,63.17898732043581
507671,179,21704.1,2448,63.075528121430864
507671,180,21676.6,2448,62.995608796356834
507671,181,21926.0,2448,63.720404420846435
507671,182,21847.0,2448,63.49081799608831
507671,183,21782.9,2448,63.30453331473392
507671,184,21721.3,2448,63.12551402656809
507671,185,21753.3,2448,63.21851105938151
507671,186,21827.6,2448,63.434438544945166
507671,187,21715.2,2448,63.10778646718803
507671,188,21703.3,2448,63.07320319561054
507671,189,21897.2,2448,63.63670709131438
507671,190,21832.5,2448,63.44867871559473
507671,191,21957.8,2448,63.812820222204785
507671,192,21870.7,2448,63.55969392351575
507671,193,22057.0,2448,64.10111102392639
507671,194,21929.8,2448,63.73144781849304
507671,195,21979.1,2448,63.874721372171216
507671,196,21894.9,2448,63.6300229295809
507671,197,21863.5,2448,63.53876959113273
507671,198,22015.6,2448,63.98079611272403
507671,199,21883.5,2448,63.59689273664113
507671,200,21882.7,2448,63.594567810820784
507671,201,21884.3,2448,63.599217662461456
507671,202,21658.5,2448,62.94300734967175
507671,203,21905.4,2448,63.66053758097281
507671,204,22002.2,2448,63.94185360523342
507671,205,21999.8,2448,63.9348788277724
507671,206,21917.1,2448,63.6945396210952
507671,207,22043.3,2448,64.06129666925315
507671,208,21918.0,2448,63.69715516264309
507671,209,21917.7,2448,63.69628331546047
507671,210,22060.7,2448,64.11186380584545
507671,211,22139.9,2448,64.34203146205866
507671,212,22157.3,2448,64.39259859865096
507671,213,22134.9,2448,64.32750067568158
507671,214,22053.2,2448,64.0900676262798
507671,215,22061.6,2448,64.11447934739333
507671,216,22012.1,2448,63.97062456226006
507671,217,21902.6,2448,63.65240034060163
507671,218,21897.8,2448,63.638450785679616
507671,219,21996.4,2448,63.92499789303598
507671,220,22035.6,2448,64.03891925823241
507671,221,21949.3,2448,63.78811788536372
507671,222,21924.6,2448,63.71633580066085
507671,223,21952.3,2448,63.79683635718998
507671,224,21919.3,2448,63.700933167101134
507671,225,21868.1,2448,63.552137914599655
507671,226,22128.9,2448,64.31006373202906
507671,227,22082.8,2448,64.17608988163221
507671,228,22008.8,2448,63.96103424325118
507671,229,21936.2,2448,63.750047225055724
507671,230,21934.3,2448,63.74452552623243
507671,231,21877.5,2448,63.579455792988604
507671,232,21800.1,2448,63.35451921987113
507671,233,21815.9,2448,63.40043650482278
507671,234,21956.3,2448,63.80846098629166
507671,235,21899.0,2448,63.64193817441012
507671,236,21979.5,2448,63.875883835081396
507671,237,22102.6,2448,64.23363179568553
507671,238,22022.7,2448,64.0014298293795
507671,239,22071.1,2448,64.14208784150979
507671,240,21967.8,2448,63.84188179495898
507671,241,21901.8,2448,63.65007541478129
507671,242,21883.7,2448,63.5974739680962
507671,243,22071.3,2448,64.14266907296489
507671,244,22016.5,2448,63.983411654271904
507671,245,21955.7,2448,63.806717291926404
507671,246,21934.8,2448,63.74597860487014
507671,247,22031.8,2448,64.02787586058582
507671,248,22023.8,2448,64.00462660238246
507671,249,21991.5,2448,63.910757722386414
507671,250,21998.5,2448,63.93110082331436
507671,251,21935.8,2448,63.74888476214556
507671,252,21941.1,2448,63.76428739570528
507671,253,21940.7,2448,63.763124932795115
507671,254,21916.3,2448,63.69221469527488
507671,255,22061.8,2448,64.1150605788484
507671,256,22003.5,2448,63.94563160969145
507671,257,22030.0,2448,64.02264477749007
507671,258,21991.0,2448,63.90930464374871
507671,259,21956.2,2448,63.80817037056411
507671,260,21931.5,2448,63.73638828586125
507671,261,21876.2,2448,63.57567778853056
507671,262,21930.5,2448,63.733482128585834
507671,263,22061.1,2448,64.11302626875562
507671,264,22023.9,2448,64.00491721811001
507671,265,21976.5,2448,63.867165363255125
507671,266,21956.2,2448,63.80817037056411
507671,267,21937.7,2448,63.75440646096885
507671,268,22359.5,2448,64.98022359974077
507671,269,22177.9,2448,64.4524654385246
507671,270,21839.5,2448,63.46902181652267
507671,271,22063.6,2448,64.12029166194415
507671,272,22020.7,2448,63.99561751482867
507671,273,21979.0,2448,63.87443075644368
507671,274,21960.0,2448,63.81921376821071
507671,275,21925.7,2448,63.71953257366382
507671,276,22026.6,2448,64.01276384275363
507671,277,21871.6,2448,63.56230946506362
507671,278,21889.7,2448,63.61491091174872
507671,279,22039.7,2448,64.05083450306164
507671,280,21937.0,2448,63.75237215087606
507671,281,21896.6,2448,63.63496339694912
507671,282,21990.9,2448,63.90901402802117
507671,283,21967.0,2448,63.83955686913865
507671,284,21915.1,2448,63.68872730654437
507671,285,22055.5,2448,64.09675178801326
507671,286,21877.9,2448,63.58061825589877
507671,287,21965.1,2448,63.834035170315346
507671,288,21977.9,2448,63.871233983440725
507671,289,21954.3,2448,63.80264867174082
507671,290,22006.7,2448,63.9549313129728
507671,291,21979.3,2448,63.875302603626295
507671,292,21938.8,2448,63.757603233971814
507671,293,21882.3,2448,63.59340534791062
507671,294,21804.2,2448,63.36643446470037
507671,295,21739.1,2448,63.17724362607055
507671,296,21825.9,2448,63.42949807757696
507671,297,21972.5,2448,63.85554073415345
507671,298,21895.1,2448,63.63060416103599
507671,299,21894.2,2448,63.62798861948811
507671,300,21833.6,2448,63.451875488597686
507671,301,22115.0,2448,64.26966814590071
507671,302,22042.0,2448,64.05751866479511
507671,303,22020.3,2448,63.9944550519185
507671,304,21950.8,2448,63.792477121276846
507671,305,21894.2,2448,63.62798861948811
507671,306,21878.5,2448,63.58236195026402
507671,307,21926.0,2448,63.720404420846435
507671,308,21877.5,2448,63.579455792988604
507671,309,21887.0,2448,63.60706428710509
507671,310,22044.1,2448,64.06362159507349
507671,311,22067.7,2448,64.13220690677339
507671,312,21991.3,2448,63.910176490931335
507671,313,22072.6,2448,64.14644707742293
507671,314,22078.8,2448,64.16446525253053
507671,315,21849.7,2448,63.49866462073195
507671,316,21844.2,2448,63.48268075571714
507671,317,22045.8,2448,64.0685620624417
507671,318,22267.6,2448,64.71314774612972
507671,319,22067.2,2448,64.13075382813567
507671,320,22004.8,2448,63.9494096141495
507671,321,21964.5,2448,63.83229147595009
507671,322,21919.1,2448,63.700351935646054
507671,323,21881.3,2448,63.5904991906352
507671,324,21996.6,2448,63.92557912449105
507671,325,21947.4,2448,63.78259618654043
507671,326,22007.9,2448,63.95841870170331
507671,327,22038.0,2448,64.04589403569342
507671,328,21931.3,2448,63.73580705440617
507671,329,22081.1,2448,64.17114941426401
507671,330,22015.8,2448,63.981377344179116
507671,331,21946.7,2448,63.78056187644763
507671,332,21998.2,2448,63.93022897613173
507671,333,21909.7,2448,63.67303405725711
507671,334,21870.6,2448,63.55940330778821
507671,335,21871.5,2448,63.56201884933609
507671,336,21914.9,2448,63.6881460750893
507671,337,21977.7,2448,63.87065275198564
507671,338,22003.6,2448,63.945922225419
507671,339,21965.4,2448,63.83490701749798
507671,340,21963.3,2448,63.828804087219595
507671,341,21875.6,2448,63.57393409416531
507671,342,21874.6,2448,63.57102793688988
507671,343,21946.4,2448,63.779690029265005
507671,344,21887.8,2448,63.60938921292543
507671,345,21896.0,2448,63.633219702583865
507671,346,21822.0,2448,63.41816406420283
507671,347,21921.7,2448,63.707907944562145
507671,348,22029.0,2448,64.01973862021465
507671,349,22000.9,2448,63.93807560077536
507671,350,21965.6,2448,63.83548824895305
507671,351,22063.1,2448,64.11883858330646
507671,352,22011.5,2448,63.96888086789482
507671,353,21958.9,2448,63.81601699520775
507671,354,21948.6,2448,63.78608357527093
507671,355,21875.5,2448,63.573643478437766
507671,356,21942.9,2448,63.76951847880105
507671,357,22110.6,2448,64.25688105388886
507671,358,21981.1,2448,63.880533686722046
507671,359,21950.1,2448,63.79044281118406
507671,360,21873.9,2448,63.5689936267971
507671,361,21899.7,2448,63.64397248450292
507671,362,21991.6,2448,63.91104833811395
507671,363,21950.5,2448,63.79160527409423
507671,364,21928.7,2448,63.72825104549008
507671,365,21906.0,2448,63.66228127533806
507671,366,22080.0,2448,64.16795264126102
507671,367,21986.3,2448,63.89564570455424
507671,368,21993.5,2448,63.91657003693726
507671,369,21918.8,2448,63.699480088463424
507671,370,21895.8,2448,63.63263847112877
507671,371,21874.4,2448,63.570446705434804
507671,372,21991.1,2448,63.909595259476255
507671,373,22029.3,2448,64.02061046739728
507671,374,21999.6,2448,63.93429759631731
507671,375,22001.7,2448,63.940400526595695
507671,376,22136.2,2448,64.33127868013962
507671,377,22070.9,2448,64.14150661005473
507671,378,22095.4,2448,64.2127074633025
507671,379,22051.7,2448,64.08570839036668
507671,380,22048.8,2448,64.07728053426796
507671,381,22022.5,2448,64.00084859792442
507671,382,21889.9,2448,63.61549214320381
507671,383,21900.3,2448,63.645716178868156
507671,384,21997.2,2448,63.92732281885631
507671,385,21952.3,2448,63.79683635718998
507671,386,21979.6,2448,63.87617445080892
507671,387,21916.9,2448,63.69395838964014
507671,388,21946.8,2448,63.78085249217517
507671,389,21897.8,2448,63.638450785679616
507671,390,22050.3,2448,64.08163977018108
507671,391,21917.3,2448,63.695120852550296
507671,392,21902.9,2448,63.65327218778427
507671,393,22259.0,2448,64.68815479356111
507671,394,22231.9,2448,64.60939793139725
507671,395,22040.7,2448,64.05374066033706
507671,396,22011.8,2448,63.96975271507743
507671,397,21971.5,2448,63.85263457687803
507671,398,21943.3,2448,63.770680941711205
507671,399,21937.0,2448,63.75237215087606
507671,400,21874.6,2448,63.57102793688988
507671,401,22125.1,2448,64.29902033438246
507671,402,21893.3,2448,63.62537307794023
507671,403,22048.5,2448,64.07640868708533
507671,404,21930.3,2448,63.732900897130754
507671,405,21881.0,2448,63.58962734345257
507671,406,22073.5,2448,64.14906261897082
507671,407,22056.0,2448,64.09820486665097
507671,408,21985.9,2448,63.894483241644075
507671,409,22016.4,2448,63.98312103854436
507671,410,21974.7,2448,63.86193428015938
507671,411,21901.9,2448,63.65036603050884
507671,412,21901.3,2448,63.64862233614359
507671,413,22036.9,2448,64.04269726269047
507671,414,22020.3,2448,63.9944550519185
507671,415,21969.3,2448,63.84624103087211
507671,416,21968.9,2448,63.84507856796194
507671,417,21942.1,2448,63.7671935529807
507671,418,22051.7,2448,64.08570839036668
507671,419,21880.7,2448,63.58875549626995
507671,420,22101.5,2448,64.23043502268256
507671,421,22359.1,2448,64.9790611368306
507671,422,22052.2,2448,64.08716146900439
507671,423,22011.1,2448,63.96771840498464
507671,424,22011.7,2448,63.96946209934989
507671,425,22025.2,2448,64.00869522256806
507671,426,21972.4,2448,63.85525011842591
507671,427,21938.4,2448,63.75644077106165
507671,428,21953.1,2448,63.799161283010314
507671,429,21925.1,2448,63.71778887929856
507671,430,22023.8,2448,64.00462660238246
507671,431,22131.1,2448,64.31645727803497
507671,432,22142.9,2448,64.35074993388493
507671,433,21939.7,2448,63.760218775519704
507671,434,21914.1,2448,63.685821149268946
507671,435,21928.6,2448,63.72796042976254
507671,436,21980.9,2448,63.87995245526698
507671,437,21953.4,2448,63.80003313019295
507671,438,21985.1,2448,63.892158315823735
507671,439,21967.4,2448,63.84071933204881
507671,440,22033.3,2448,64.03223509649895
507671,441,21965.8,2448,63.836069480408135
507671,442,21935.7,2448,63.748594146418014
507671,443,21928.3,2448,63.72708858257991
507671,444,22023.2,2448,64.00288290801721
507671,445,22065.8,2448,64.12668520795009
507671,446,22059.2,2448,64.10750456993232
507671,447,22051.1,2448,64.08396469600142
507671,448,21996.5,2448,63.925288508763515
507671,449,21833.6,2448,63.451875488597686
507671,450,21933.8,2448,63.74307244759471
507671,451,21909.0,2448,63.670999747164316
507671,452,21888.8,2448,63.61229537020085
507671,453,22025.9,2448,64.01072953266085
507671,454,22090.0,2448,64.19701421401524
507671,455,22048.1,2448,64.07524622417515
507671,456,22009.5,2448,63.96306855334397
507671,457,21983.3,2448,63.88692723272798
507671,458,22025.0,2448,64.00811399111296
507671,459,21944.2,2448,63.77329648325909
507671,460,21928.7,2448,63.72825104549008
507671,461,21937.2,2448,63.75295338233114
507671,462,21918.2,2448,63.697736394098186
507671,463,21876.9,2448,63.577712098623365
507671,464,21965.7,2448,63.835778864680606
507671,465,21861.0,2448,63.53150419794419
507671,466,21957.5,2448,63.81194837502216
507671,467,21912.1,2448,63.680008834718116
507671,468,21942.6,2448,63.76864663161841
507671,469,22045.0,2448,64.06623713662137
507671,470,22007.8,2448,63.95812808597576
507671,471,21990.3,2448,63.90727033365591
507671,472,21815.9,2448,63.40043650482278
507671,473,21852.6,2448,63.507092476830664
507671,474,21925.0,2448,63.71749826357103
507671,475,21837.4,2448,63.462918886244296
507671,476,21753.7,2448,63.219673522291686
507671,477,22003.5,2448,63.94563160969145
507671,478,21975.9,2448,63.86542166888989
507671,479,21873.4,2448,63.567540548159386
507671,480,21925.9,2448,63.72011380511891
507671,481,22119.3,2448,64.28216462218502
507671,482,22037.7,2448,64.0450221885108
507671,483,21990.4,2448,63.90756094938346
507671,484,22014.7,2448,63.97818057117615
507671,485,21918.0,2448,63.69715516264309
507671,486,21917.3,2448,63.695120852550296
507671,487,22118.1,2448,64.27867723345452
507671,488,22041.6,2448,64.05635620188494
507671,489,22035.5,2448,64.03862864250488
507671,490,22102.0,2448,64.23188810132027
507671,491,22131.7,2448,64.31820097240023
507671,492,22059.2,2448,64.10750456993232
507671,493,21990.7,2448,63.90843279656608
507671,494,21928.1,2448,63.726507351124816
507671,495,21857.8,2448,63.522204494662844
507671,496,22058.9,2448,64.1066327227497
507671,497,22046.5,2448,64.0705963725345
507671,498,21948.8,2448,63.78666480672601
507671,499,21941.8,2448,63.76632170579808
507671,500,21871.8,2448,63.562890696518714
507671,501,21942.4,2448,63.76806540016334
507671,502,22003.8,2448,63.94650345687407
507671,503,21949.4,2448,63.78840850109126
507671,504,22044.7,2448,64.06536528943874
507671,505,22537.8,2448,65.49839144194806
507671,506,22161.9,2448,64.4059669221179
507671,507,21874.4,2448,63.570446705434804
507671,508,21953.6,2448,63.800614361648016
507671,509,21917.5,2448,63.69570208400538
507671,510,21878.3,2448,63.58178071880894
507671,511,22093.5,2448,64.2071857644792
507671,512,22086.1,2448,64.18568020064109
507671,513,22084.8,2448,64.18190219618305
507671,514,22044.9,2448,64.06594652089383
507671,515,22063.8,2448,64.12087289339925
507671,516,22013.0,2448,63.973240103807946
507671,517,22032.9,2448,64.03107263358878
507671,518,22078.5,2448,64.1635934053479
507671,519,22072.0,2448,64.14470338305769
507671,520,22133.5,2448,64.32343205549599
507671,521,22056.2,2448,64.09878609810606
507671,522,22074.0,2448,64.15051569760853
507671,523,22066.7,2448,64.12930074949796
507671,524,22021.4,2448,63.99765182492146
507671,525,21991.5,2448,63.910757722386414
507671,526,21919.7,2448,63.702095630011314
507671,527,21939.9,2448,63.76080000697478
507671,528,22038.1,2448,64.04618465142097
507671,529,22045.1,2448,64.06652775234889
507671,530,22008.2,2448,63.95929054888593
507671,531,21950.4,2448,63.79131465836669
507671,532,21897.1,2448,63.63641647558682
507671,533,21659.6,2448,62.9462041226747
507671,534,21744.7,2448,63.19351810681291
507671,535,22051.7,2448,64.08570839036668
507671,536,21971.4,2448,63.852343961150495
507671,537,21969.4,2448,63.84653164659965
507671,538,21916.9,2448,63.69395838964014
507671,539,21977.1,2448,63.86890905762038
507671,540,21963.6,2448,63.82967593440222
507671,541,21895.3,2448,63.63118539249107
507671,542,21865.6,2448,63.54487252141111
507671,543,21906.2,2448,63.662862506793154
507671,544,21980.3,2448,63.87820876090172
507671,545,22006.6,2448,63.95464069724525
507671,546,21899.4,2448,63.64310063732029
507671,547,22146.8,2448,64.36208394725905
507671,548,22117.0,2448,64.27548046045156
507671,549,22111.0,2448,64.25804351679905
507671,550,22098.4,2448,64.22142593512876
507671,551,22063.9,2448,64.12116350912679
507671,552,21930.0,2448,63.732029049948125
507671,553,21903.2,2448,63.65414403496689
507671,554,21867.5,2448,63.55039422023441
507671,555,22040.1,2448,64.05199696597181
507671,556,22043.6,2448,64.06216851643576
507671,557,22023.0,2448,64.00230167656213
507671,558,21961.3,2448,63.82299177266874
507671,559,21933.7,2448,63.742781831867184
507671,560,21889.3,2448,63.61374844883856
507671,561,21910.1,2448,63.67419652016728
507671,562,22044.9,2448,64.06594652089383
507671,563,22011.3,2448,63.968299636439724
507671,564,22008.8,2448,63.96103424325118
507671,565,21915.0,2448,63.688436690816836
507671,566,22004.8,2448,63.9494096141495
507671,567,21981.5,2448,63.881696149632226
507671,568,21945.0,2448,63.77562140907941
507671,569,21963.5,2448,63.829385318674674
507671,570,21879.7,2448,63.58584933899453
507671,571,21985.7,2448,63.89390201018899
507671,572,21978.1,2448,63.87181521489579
507671,573,22113.1,2448,64.26414644707742
507671,574,21893.1,2448,63.62479184648514
507671,575,21858.1,2448,63.52307634184547
507671,576,21932.5,2448,63.73929444313667
507671,577,22081.6,2448,64.1726024929017
507671,578,22037.7,2448,64.0450221885108
507671,579,22000.7,2448,63.93749436932029
507671,580,21917.8,2448,63.696573931188006
507671,581,21617.2,2448,62.822983054196925
507671,582,21963.9,2448,63.830547781584855
507671,583,21922.2,2448,63.709361023199854
507671,584,21893.0,2448,63.62450123075761
507671,585,22048.6,2448,64.07669930281286
507671,586,21974.0,2448,63.85989997006658
507671,587,21935.1,2448,63.746850452052755
507671,588,21942.0,2448,63.76690293725316
507671,589,21923.7,2448,63.71372025911298
507671,590,21980.4,2448,63.87849937662927
507671,591,21962.8,2448,63.82735100858187
507671,592,21846.5,2448,63.4893649174506
507671,593,21989.2,2448,63.904073560652954
507671,594,21907.2,2448,63.665768664068565
507671,595,21938.4,2448,63.75644077106165
507671,596,22060.6,2448,64.1115731901179
507671,597,21952.0,2448,63.79596451000736
507671,598,21962.9,2448,63.82764162430942
507671,599,22063.9,2448,64.12116350912679
507671,600,21769.2,2448,63.264718960060684
507671,601,22022.7,2448,64.0014298293795
507671,602,22060.3,2448,64.11070134293527
507671,603,22076.4,2448,64.15749047506954
507671,604,21923.5,2448,63.713139027657895
507671,605,21913.9,2448,63.68523991781388
507671,606,21868.0,2448,63.55184729887212
507671,607,21936.5,2448,63.750919072238354
507671,608,21935.9,2448,63.7491753778731
507671,609,21920.7,2448,63.705001787286726
507671,610,21875.1,2448,63.5724810155276
507671,611,22127.3,2448,64.30541388038837
507671,612,22102.2,2448,64.23246933277535
507671,613,22059.8,2448,64.10924826429756
507671,614,22012.8,2448,63.97265887235285
507671,615,21997.6,2448,63.92848528176647
507671,616,21982.8,2448,63.88547415409027
507671,617,21703.8,2448,63.07465627424824
507671,618,21479.5,2448,62.42280519737168
507671,619,21893.8,2448,63.62682615657794
507671,620,21890.9,2448,63.618398300479235
507671,621,22007.0,2448,63.95580316015542
507671,622,21994.4,2448,63.91918557848515
507671,623,21993.5,2448,63.91657003693726
507671,624,21929.3,2448,63.72999473985532
507671,625,21924.7,2448,63.7166264163884
507671,626,21886.0,2448,63.60415812982967
507671,627,21874.1,2448,63.56957485825218
507671,628,21982.3,2448,63.88402107545256
507671,629,21996.4,2448,63.92499789303598
507671,630,21953.0,2448,63.79887066728277
507671,631,21885.7,2448,63.60328628264705
507671,632,21891.1,2448,63.6189795319343
507671,633,21890.6,2448,63.6175264532966
507671,634,21949.7,2448,63.78928034827389
507671,635,22041.4,2448,64.05577497042985
507671,636,21998.3,2448,63.93051959185927
507671,637,21962.2,2448,63.82560731421663
507671,638,21951.3,2448,63.793930199914556
507671,639,21936.9,2448,63.75208153514852
507671,640,21919.7,2448,63.702095630011314
507671,641,21985.5,2448,63.893320778733894
507671,642,22004.0,2448,63.94708468832916
507671,643,21936.2,2448,63.750047225055724
507671,644,21853.7,2448,63.510289249833626
507671,645,22005.1,2448,63.950281461332125
507671,646,21958.4,2448,63.81456391657004
507671,647,21915.9,2448,63.69105223236471
507671,648,21971.7,2448,63.853215808333125
507671,649,21983.9,2448,63.888670927093244
507671,650,21952.4,2448,63.79712697291752
507671,651,21892.0,2448,63.62159507348219
507671,652,21957.3,2448,63.811367143567075
507671,653,21896.3,2448,63.63409154976649
507671,654,22020.2,2448,63.99416443619096
507671,655,21915.8,2448,63.69076161663717
507671,656,21908.5,2448,63.66954666852661
507671,657,21869.8,2448,63.55707838196787
507671,658,21871.2,2448,63.56114700215347
507671,659,21840.1,2448,63.470765510887915
507671,660,21868.7,2448,63.553881608964915
507671,661,21970.3,2448,63.84914718814752
507671,662,21917.9,2448,63.696864546915556
507671,663,21930.3,2448,63.732900897130754
507671,664,22020.8,2448,63.9959081305562
507671,665,21959.0,2448,63.81630761093529
507671,666,21918.9,2448,63.69977070419097
507671,667,21882.5,2448,63.593986579365705
507671,668,21883.9,2448,63.59805519955129
507671,669,21905.7,2448,63.66140942815543
507671,670,21960.1,2448,63.81950438393824
507671,671,21938.4,2448,63.75644077106165
507671,672,21939.4,2448,63.759346928337074
507671,673,21926.5,2448,63.72185749948416
507671,674,21896.0,2448,63.633219702583865
507671,675,21845.1,2448,63.485296297265016
507671,676,21633.5,2448,62.87035341778627
507671,677,21783.3,2448,63.3056957776441
507671,678,21746.4,2448,63.19845857418112
507671,679,21686.1,2448,63.023217290473326
507671,680,21659.3,2448,62.94533227549208
507671,681,21647.8,2448,62.91191146682476
507671,682,21630.8,2448,62.86250679314263
507671,683,21639.9,2448,62.88895282434895
507671,684,21658.2,2448,62.94213550248912
507671,685,21542.2,2448,62.60502125854047
507671,686,21532.8,2448,62.57770338015152
507671,687,21495.2,2448,62.46843186659576
507671,688,21486.2,2448,62.44227645111698
507671,689,21479.9,2448,62.42396766028184
507671,690,21489.9,2448,62.45302923303604
507671,691,21454.2,2448,62.34927941830356
507671,692,21445.4,2448,62.32370523427988
507671,693,21415.6,2448,62.23710174747236
507671,694,21396.5,2448,62.18159414351186
507671,695,21330.6,2448,61.99007837906171
507671,696,21337.7,2448,62.0107120957172
507671,697,21293.4,2448,61.881969328416126
507671,698,21270.6,2448,61.815708942536546
507671,699,21229.5,2448,61.69626587851682
507671,700,21216.2,2448,61.65761398675374
507671,701,21188.8,2448,61.577985277407244
507671,702,21176.3,2448,61.54165831146449
507671,703,21164.4,2448,61.507075039887006
507671,704,21142.7,2448,61.44401142701041
507671,705,21129.1,2448,61.40448768806469
507671,706,21078.8,2448,61.258307977111095
507671,707,21053.4,2448,61.18449158231545
507671,708,21022.9,2448,61.09585378541516
507671,709,20985.3,2448,60.98658227185939
507671,710,20945.1,2448,60.869754749387525
507671,711,20918.2,2448,60.791579118678754
507671,712,20895.8,2448,60.72648119570934
507671,713,20710.2,2448,60.1870984053915
507671,714,20612.6,2448,59.90345745531056
507671,715,20573.7,2448,59.790407937296756
507671,716,20551.7,2448,59.72647247723752
507671,717,20528.3,2448,59.6584683969927
507671,718,20499.9,2448,59.5759335303708
507671,719,20450.7,2448,59.43295059242016
507671,720,20443.5,2448,59.41202626003714
507671,721,20450.0,2448,59.43091628232737
507671,722,20415.0,2448,59.32920077768769
507671,723,20376.1,2448,59.216151259673865
507671,724,20356.0,2448,59.157737498437946
507671,725,20326.2,2448,59.07113401163044
507671,726,20310.8,2448,59.02637918958898
507671,727,20273.4,2448,58.917688907488305
507671,728,20223.7,2448,58.77325289089995
507671,729,20213.6,2448,58.743900702418216
507671,730,20186.4,2448,58.664853224526816
507671,731,20151.0,2448,58.56197525697696
507671,732,20122.5,2448,58.4791497746275
507671,733,20099.1,2448,58.41114569438269
507671,734,20064.7,2448,58.31117388410827
507671,735,20033.2,2448,58.219629929932545
507671,736,19997.4,2448,58.11558949947254
507671,737,19974.6,2448,58.04932911359297
507671,738,19922.2,2448,57.89704647236099
507671,739,19868.1,2448,57.73982336376079
507671,740,19869.3,2448,57.743310752491304
507671,741,19843.5,2448,57.66833189478548
507671,742,19837.6,2448,57.6511855668605
507671,743,19846.4,2448,57.67675975088421
507671,744,19820.4,2448,57.6011996617233
507671,745,19798.4,2448,57.537264201664065
507671,746,19757.8,2448,57.419274216282034
507671,747,19840.0,2448,57.658160344321516
507671,748,19823.5,2448,57.61020874927709
507671,749,19794.9,2448,57.52709265120011
507671,750,19764.3,2448,57.43816423857226
507671,751,19750.2,2448,57.39718742098885
507671,752,19726.0,2448,57.3268584149237
507671,753,19743.5,2448,57.37771616724354
507671,754,19733.8,2448,57.34952644167197
507671,755,19698.9,2448,57.24810155275984
507671,756,19679.5,2448,57.1917221016167
507671,757,19726.2,2448,57.32743964637879
507671,758,19731.0,2448,57.34138920130081
507671,759,19670.3,2448,57.164985454682835
507671,760,19665.6,2448,57.15132651548836
507671,761,19668.7,2448,57.160335603042164
507671,762,19642.4,2448,57.083903666698646
507671,763,19649.7,2448,57.10511861480919
507671,764,19735.8,2448,57.3553387562228
507671,765,19711.0,2448,57.28326605579241
507671,766,19685.0,2448,57.2077059666315
507671,767,19656.6,2448,57.12517110000958
507671,768,19648.6,2448,57.101921841806224
507671,769,19597.8,2448,56.954289052214925
507671,770,19587.6,2448,56.924646248005644
507671,771,19570.7,2448,56.87553219005107
507671,772,19639.1,2448,57.07431334768975
507671,773,19581.2,2448,56.906046841442965
507671,774,19554.9,2448,56.82961490509943
507671,775,19557.8,2448,56.83804276119815
507671,776,19540.9,2448,56.78892870324356
507671,777,19526.2,2448,56.7462081912949
507671,778,19501.1,2448,56.67326364368186
507671,779,19594.0,2448,56.94324565456834
507671,780,19555.4,2448,56.83106798373715
507671,781,19526.9,2448,56.74824250138769
507671,782,19486.0,2448,56.62938066882303
507671,783,11318.2,2448,32.89246927465221
507671,784,0.44488,0,0.0
507671,785,0.390675,0,0.0
507671,786,0.352431,0,0.0
507671,787,0.323878,0,0.0
507671,788,0.306756,0,0.0
507671,789,0.0,0,0.0
507671,790,0.0,0,0.0
507733,1,0.333603,108,0.021975396472506296
507733,2,0.33417,252,0.009434034173918568
507733,3,0.334652,396,0.006012135584389919
507733,4,0.334904,396,0.00601666284903279
507733,5,0.334274,540,0.00440391943744545
507733,6,0.333795,540,0.004397608813793785
507733,7,0.335566,540,0.004420940994351399
507733,8,0.335436,648,0.0036826902491642376
507733,9,0.334959,648,0.0036774533537539318
507733,10,0.336969,648,0.0036995207746652833
507733,11,0.335284,756,0.0031551612592075028
507733,12,0.335086,756,0.0031532979972286332
507733,13,0.335602,756,0.003158153770870534
507733,14,0.336332,900,0.0026586196334173213
507733,15,0.336751,900,0.0026619317227409714
507733,16,0.336883,1044,0.0022956682322837394
507733,17,0.337043,1044,0.0022967585423236208
507733,18,0.336443,1044,0.0022926698796740656
507733,19,0.336766,1044,0.0022948709430670763
507733,20,0.336651,1044,0.002294087282725911
507733,21,0.336749,1044,0.002294755097625339
507733,22,0.336788,1044,0.0022950208606975597
507733,23,0.33613,1044,0.002290536960658547
507733,24,0.336584,1044,0.002293630715396711
507733,25,0.336778,1044,0.0022949527163200673
507733,26,0.337028,1188,0.0020182737408170935
507733,27,0.337846,1296,0.0018545745983125559
507733,28,0.337893,1296,0.0018548326004973405
507733,29,0.337809,1404,0.0017117275294242836
507733,30,0.338314,1404,0.0017142864381637169
507733,31,0.338946,1548,0.001557722467522172
507733,32,0.340144,1548,0.0015632282162729805
507733,33,0.339686,1692,0.0014282617859053721
507733,34,0.339919,1836,0.0013171440998710636
507733,35,0.34046,1908,0.0012694577510806108
507733,36,0.340689,1908,0.0012703116129880229
507733,37,0.340884,2016,0.0012029473416756654
507733,38,0.342228,2160,0.0011271775109925398
507733,39,0.342949,2304,0.001058955214663307
507733,40,0.344335,2304,0.0010632348945210216
507733,41,0.344248,2448,0.0010004388297485884
507733,42,0.344,2448,0.0009997181027442841
507733,43,0.344727,2448,0.0010018308790835143
507733,44,0.344567,2448,0.001001365893919447
507733,45,0.344823,2448,0.0010021098701819544
507733,46,0.345298,2448,0.0010034902948877788
507733,47,0.34591,2448,0.0010052688631403354
507733,48,0.250508,2448,0.0007280156467507709
507733,49,0.252319,2448,0.0007332786975765556
507733,50,0.256553,2448,0.0007455833674806813
507733,51,0.259435,2448,0.0007539589127484402
507733,52,0.259182,2448,0.0007532236549577591
507733,53,0.261673,2448,0.0007604628927308287
507733,54,0.263037,2448,0.000764426891254501
507733,55,0.269002,2448,0.0007817621194023778
507733,56,0.274534,2448,0.0007978389814499981
507733,57,0.280482,2448,0.0008151248049241929
507733,58,0.289504,2448,0.000841344155863027
507733,59,0.294794,2448,0.0008567177278499958
507733,60,0.299686,2448,0.0008709346492413477
507733,61,0.305004,2448,0.0008863895936320282
507733,62,0.308577,2448,0.0008967732935771018
507733,63,0.313898,2448,0.0009122369564396086
507733,64,0.320216,2448,0.0009305980581057086
507733,65,0.317326,2448,0.0009221992635797463
507733,66,0.323941,2448,0.0009414234939566458
507733,67,0.33184,2448,0.000964379230275184
507733,68,0.340335,2448,0.000989067036329872
507733,69,0.348763,2448,0.001013560129847107
507733,70,0.355475,2448,0.0010330662574797222
507733,71,0.364761,2448,0.0010600528339392672
507733,72,0.376335,2448,0.0010936886982449716
507733,73,0.388791,2448,0.001129887793267596
507733,74,0.400949,2448,0.0011652208534221455
507733,75,0.404481,2448,0.001175485400918927
507733,76,0.405016,2448,0.0011770401950612765
507733,77,0.403739,2448,0.0011733290322205657
507733,78,0.404763,2448,0.001176304937270595
507733,79,0.405007,2448,0.0011770140396457974
507733,80,0.405571,2448,0.0011786531123491341
507733,81,0.406889,2448,0.001182483427638137
507733,82,0.416281,2448,0.0012097780567688764
507733,83,0.4246,2448,0.0012339543791430904
507733,84,0.446833,2448,0.0012985669738474906
507733,85,0.453107,2448,0.001316800204593472
507733,86,0.456341,2448,0.0013261987172221786
507733,87,0.460475,2448,0.0013382127713987627
507733,88,0.456712,2448,0.0013272769015713593
507733,89,0.45219,2448,0.0013141352583719125
507733,90,0.448665,2448,0.001303891053976059
507733,91,0.447556,2448,0.001300668125557619
507733,92,0.448683,2448,0.0013039433648070165
507733,93,2178.05,2448,6.329755853727293
507733,94,16923.6,2448,49.182643266288274
507733,95,15729.5,2448,45.712400863709945
507733,96,14008.7,2448,40.71148542416819
507733,97,15448.3,2448,44.895189437862
507733,98,16400.0,2448,47.660979316878674
507733,99,17877.7,2448,51.955407922765964
507733,100,17848.0,2448,51.86909505168601
507733,101,17832.8,2448,51.824921461099635
507733,102,17812.0,2448,51.764473389770906
507733,103,17797.3,2448,51.72175287782224
507733,104,17785.9,2448,51.68862268488247
507733,105,17776.1,2448,51.66014234358335
507733,106,17767.8,2448,51.63602123819736
507733,107,17758.2,2448,51.60812212835335
507733,108,17749.8,2448,51.58371040723982
507733,109,17766.0,2448,51.63079015510161
507733,110,18000.5,2448,52.31228403618747
507733,111,18366.8,2448,53.3768094461736
507733,112,18544.9,2448,53.89439605692582
507733,113,18779.2,2448,54.575308706556584
507733,114,19304.9,2448,56.10307558624458
507733,115,19539.3,2448,56.78427885160289
507733,116,19689.6,2448,57.22107429009843
507733,117,19936.2,2448,57.93773267421686
507733,118,19800.6,2448,57.54365774766999
507733,119,18923.1,2448,54.99350473848943
507733,120,16691.7,2448,48.50870539411852
507733,121,16319.9,2448,47.42819611911757
507733,122,16299.9,2448,47.37007297360918
507733,123,16257.2,2448,47.24598005794878
507733,124,16201.3,2448,47.08352586625283
507733,125,16167.3,2448,46.98471651888857
507733,126,17268.0,2448,50.183523831942736
507733,127,20780.5,2448,60.39140126185349
507733,128,22007.7,2448,63.957837470248215
507733,129,21956.4,2448,63.80875160201921
507733,130,21951.0,2448,63.79305835273193
507733,131,21839.1,2448,63.46785935361249
507733,132,21770.7,2448,63.26907819597382
507733,133,21746.9,2448,63.19991165281883
507733,134,21651.2,2448,62.921792401561184
507733,135,21696.2,2448,63.052569478955064
507733,136,21696.7,2448,63.05402255759277
507733,137,21629.2,2448,62.85785694150196
507733,138,21610.0,2448,62.80205872181391
507733,139,21655.2,2448,62.933417030662866
507733,140,21499.2,2448,62.48005649569744
507733,141,21349.2,2448,62.04413290438452
507733,142,21224.2,2448,61.68086324495709
507733,143,21114.8,2448,61.362929639026206
507733,144,21064.2,2448,61.21587808088998
507733,145,21088.2,2448,61.28562585550005
507733,146,21190.1,2448,61.58176328186528
507733,147,21035.8,2448,61.13334321426806
507733,148,21222.6,2448,61.67621339331642
507733,149,21190.4,2448,61.582635129047915
507733,150,21169.5,2448,61.52189644199165
507733,151,21068.0,2448,61.226921478536575
507733,152,21314.1,2448,61.9421267840173
507733,153,21596.0,2448,62.76137251995804
507733,154,21507.5,2448,62.50417760108341
507733,155,21554.3,2448,62.640185761573036
507733,156,22073.3,2448,64.14848138751573
507733,157,22074.8,2448,64.15284062342886
507733,158,22040.2,2448,64.05228758169936
507733,159,21917.3,2448,63.695120852550296
507733,160,21892.0,2448,63.62159507348219
507733,161,21876.3,2448,63.5759684042581
507733,162,21825.3,2448,63.42775438321171
507733,163,21787.6,2448,63.31819225392839
507733,164,21779.0,2448,63.29319930135979
507733,165,21809.9,2448,63.38299956117026
507733,166,21836.5,2448,63.460303344696406
507733,167,21726.3,2448,63.14004481294518
507733,168,21634.9,2448,62.87442203797186
507733,169,21617.9,2448,62.82501736428973
507733,170,21544.0,2448,62.610252341636226
507733,171,21554.7,2448,62.64134822448321
507733,172,21461.0,2448,62.36904128777641
507733,173,21443.6,2448,62.31847415118411
507733,174,21336.9,2448,62.008387169896864
507733,175,21341.5,2448,62.02175549336379
507733,176,21730.1,2448,63.15108821059178
507733,177,21849.0,2448,63.49663031063915
507733,178,21816.3,2448,63.40159896773293
507733,179,21755.4,2448,63.2246139896599
507733,180,21689.2,2448,63.032226378027126
507733,181,21748.9,2448,63.20572396736967
507733,182,21843.7,2448,63.48122767707944
507733,183,21781.1,2448,63.29930223163817
507733,184,21743.9,2448,63.19119318099257
507733,185,21743.9,2448,63.19119318099257
507733,186,21668.5,2448,62.972068922425954
507733,187,21721.1,2448,63.124932795113004
507733,188,21698.5,2448,63.059253640688524
507733,189,21770.0,2448,63.267043885881016
507733,190,21948.7,2448,63.78637419099848
507733,191,21881.0,2448,63.58962734345257
507733,192,22045.4,2448,64.06739959953153
507733,193,21952.8,2448,63.79828943582769
507733,194,21929.2,2448,63.7297041241278
507733,195,21919.8,2448,63.70238624573885
507733,196,21890.9,2448,63.618398300479235
507733,197,21908.4,2448,63.669256052799064
507733,198,22082.3,2448,64.1746368029945
507733,199,21960.2,2448,63.819794999665795
507733,200,21921.6,2448,63.707617328834594
507733,201,21958.0,2448,63.81340145365986
507733,202,22111.4,2448,64.25920597970921
507733,203,22051.4,2448,64.08483654318404
507733,204,22052.6,2448,64.08832393191454
507733,205,22106.4,2448,64.24467519333211
507733,206,21927.2,2448,63.72389180957695
507733,207,21938.5,2448,63.75673138678919
507733,208,21913.5,2448,63.68407745490371
507733,209,21920.4,2448,63.704129940104096
507733,210,22043.4,2448,64.0615872849807
507733,211,21994.2,2448,63.918604347030055
507733,212,21946.4,2448,63.779690029265005
507733,213,21894.1,2448,63.62769800376056
507733,214,21877.9,2448,63.58061825589877
507733,215,22012.6,2448,63.97207764089777
507733,216,22136.0,2448,64.33069744868453
507733,217,22191.5,2448,64.4919891774703
507733,218,22231.8,2448,64.6091073156697
507733,219,21984.8,2448,63.89128646864111
507733,220,21861.0,2448,63.53150419794419
507733,221,21923.9,2448,63.71430149056807
507733,222,21980.9,2448,63.87995245526698
507733,223,21937.6,2448,63.754115845241316
507733,224,21875.3,2448,63.57306224698268
507733,225,21947.8,2448,63.78375864945059
507733,226,21956.5,2448,63.80904221774673
507733,227,21872.9,2448,63.566087469521676
507733,228,21836.4,2448,63.46001272896886
507733,229,22003.8,2448,63.94650345687407
507733,230,22158.2,2448,64.39521414019885
507733,231,22055.1,2448,64.09558932510309
507733,232,22054.9,2448,64.09500809364802
507733,233,22240.9,2448,64.63555334687602
507733,234,22168.7,2448,64.42572879159074
507733,235,22083.1,2448,64.17696172881483
507733,236,22024.1,2448,64.00549844956508
507733,237,22150.9,2448,64.37399919208828
507733,238,22137.8,2448,64.33592853178028
507733,239,22081.7,2448,64.17289310862925
507733,240,22079.8,2448,64.16737140980595
507733,241,22030.2,2448,64.02322600894516
507733,242,22054.4,2448,64.0935550150103
507733,243,21973.2,2448,63.85757504424625
507733,244,21898.0,2448,63.6390320171347
507733,245,21958.6,2448,63.81514514802511
507733,246,21941.9,2448,63.76661232152561
507733,247,21896.1,2448,63.633510318311394
507733,248,22006.4,2448,63.95405946579018
507733,249,22044.7,2448,64.06536528943874
507733,250,22089.4,2448,64.19527051964998
507733,251,22092.5,2448,64.20427960720379
507733,252,22072.0,2448,64.14470338305769
507733,253,22022.1,2448,63.999686135014244
507733,254,21983.7,2448,63.88808969563816
507733,255,21929.4,2448,63.73028535558287
507733,256,21916.5,2448,63.692795926729964
507733,257,22103.0,2448,64.2347942585957
507733,258,22049.2,2448,64.07844299717812
507733,259,22079.2,2448,64.1656277154407
507733,260,22009.2,2448,63.96219670616134
507733,261,22009.1,2448,63.9619060904338
507733,262,21971.9,2448,63.853797039788205
507733,263,21896.7,2448,63.63525401267666
507733,264,22146.0,2448,64.35975902143872
507733,265,22011.0,2448,63.9674277892571
507733,266,21779.5,2448,63.2946523799975
507733,267,21570.9,2448,62.68842797234502
507733,268,21855.3,2448,63.51493910147429
507733,269,21912.9,2448,63.682333760538455
507733,270,21887.7,2448,63.60909859719789
507733,271,21869.7,2448,63.55678776624034
507733,272,22007.0,2448,63.95580316015542
507733,273,22121.0,2448,64.28710508955324
507733,274,22103.5,2448,64.2362473372334
507733,275,21995.9,2448,63.92354481439828
507733,276,22042.1,2448,64.05780928052263
507733,277,22002.5,2448,63.942725452416035
507733,278,21967.3,2448,63.84042871632126
507733,279,21980.3,2448,63.87820876090172
507733,280,21873.7,2448,63.56841239534201
507733,281,21889.3,2448,63.61374844883856
507733,282,22027.1,2448,64.01421692139134
507733,283,22111.2,2448,64.25862474825412
507733,284,22049.1,2448,64.07815238145058
507733,285,22069.1,2448,64.13627552695897
507733,286,21966.4,2448,63.837813174773395
507733,287,21900.7,2448,63.646878641778336
507733,288,21858.8,2448,63.52511065193826
507733,289,22112.8,2448,64.2632745998948
507733,290,22136.7,2448,64.33273175877733
507733,291,22062.5,2448,64.1170948889412
507733,292,21990.7,2448,63.90843279656608
507733,293,21976.3,2448,63.86658413180004
507733,294,21984.3,2448,63.88983339000339
507733,295,21981.5,2448,63.881696149632226
507733,296,21943.9,2448,63.772424636076465
507733,297,21876.3,2448,63.5759684042581
507733,298,21961.8,2448,63.82444485130646
507733,299,21972.0,2448,63.85408765551574
507733,300,22069.2,2448,64.13656614268652
507733,301,22263.7,2448,64.7018137327556
507733,302,21979.4,2448,63.87559321935385
507733,303,21953.9,2448,63.80148620883065
507733,304,22151.1,2448,64.37458042354336
507733,305,21876.9,2448,63.577712098623365
507733,306,22021.1,2448,63.996779977738825
507733,307,22015.5,2448,63.980505496996486
507733,308,22022.7,2448,64.0014298293795
507733,309,21992.6,2448,63.91395449538938
507733,310,21961.1,2448,63.822410541213664
507733,311,21934.9,2448,63.74626922059769
507733,312,21886.2,2448,63.604739361284764
507733,313,21884.2,2448,63.59892704673391
507733,314,21988.5,2448,63.90203925056015
507733,315,22048.1,2448,64.07524622417515
507733,316,22017.1,2448,63.98515534863716
507733,317,21965.9,2448,63.836360096135685
507733,318,22002.2,2448,63.94185360523342
507733,319,21909.4,2448,63.6721622100745
507733,320,21875.2,2448,63.572771631255144
507733,321,21901.2,2448,63.648331720416046
507733,322,21904.8,2448,63.65879388660755
507733,323,21924.8,2448,63.71691703211594
507733,324,22067.8,2448,64.13249752250091
507733,325,22034.4,2448,64.03543186950192
507733,326,22132.3,2448,64.31994466676548
507733,327,22009.6,2448,63.96335916907151
507733,328,21951.0,2448,63.79305835273193
507733,329,21897.8,2448,63.638450785679616
507733,330,22081.1,2448,64.17114941426401
507733,331,22050.3,2448,64.08163977018108
507733,332,22021.6,2448,63.99823305637654
507733,333,21956.7,2448,63.80962344920182
507733,334,21972.9,2448,63.85670319706363
507733,335,21952.2,2448,63.79654574146244
507733,336,21935.4,2448,63.74772229923539
507733,337,21992.8,2448,63.91453572684446
507733,338,22100.4,2448,64.2272382496796
507733,339,22002.8,2448,63.94359729959866
507733,340,22028.7,2448,64.01886677303202
507733,341,22007.2,2448,63.956384391610506
507733,342,21909.7,2448,63.67303405725711
507733,343,21914.6,2448,63.68727422790666
507733,344,21561.8,2448,62.661981941138684
507733,345,21934.3,2448,63.74452552623243
507733,346,21905.5,2448,63.66082819670035
507733,347,21876.3,2448,63.5759684042581
507733,348,22037.9,2448,64.04560341996589
507733,349,22045.3,2448,64.06710898380399
507733,350,22024.1,2448,64.00549844956508
507733,351,21993.3,2448,63.915988805482165
507733,352,21932.8,2448,63.7401662903193
507733,353,21857.4,2448,63.521042031752685
507733,354,21882.5,2448,63.593986579365705
507733,355,21960.9,2448,63.82182930975859
507733,356,22052.2,2448,64.08716146900439
507733,357,21932.5,2448,63.73929444313667
507733,358,21927.6,2448,63.72505427248711
507733,359,21892.5,2448,63.623048152119885
507733,360,21925.4,2448,63.7186607264812
507733,361,22030.7,2448,64.02467908758287
507733,362,21994.7,2448,63.92005742566777
507733,363,22039.6,2448,64.0505438873341
507733,364,21912.1,2448,63.680008834718116
507733,365,21945.4,2448,63.77678387198959
507733,366,22028.0,2448,64.01683246293923
507733,367,21956.9,2448,63.81020468065691
507733,368,21901.2,2448,63.648331720416046
507733,369,22044.6,2448,64.0650746737112
507733,370,22112.7,2448,64.26298398416725
507733,371,22151.9,2448,64.3769053493637
507733,372,21980.9,2448,63.87995245526698
507733,373,22035.4,2448,64.03833802677734
507733,374,21992.5,2448,63.91366387966184
507733,375,21971.7,2448,63.853215808333125
507733,376,21927.1,2448,63.72360119384941
507733,377,21941.8,2448,63.76632170579808
507733,378,21967.4,2448,63.84071933204881
507733,379,21885.2,2448,63.60183320400933
507733,380,21963.9,2448,63.830547781584855
507733,381,21984.9,2448,63.89157708436866
507733,382,21935.6,2448,63.748303530690464
507733,383,21960.5,2448,63.82066684684842
507733,384,21839.5,2448,63.46902181652267
507733,385,22041.5,2448,64.05606558615739
507733,386,22163.0,2448,64.40916369512085
507733,387,22143.7,2448,64.35307485970526
507733,388,22091.9,2448,64.20253591283854
507733,389,22027.3,2448,64.01479815284644
507733,390,21976.2,2448,63.86629351607251
507733,391,22058.0,2448,64.10401718120181
507733,392,22016.5,2448,63.983411654271904
507733,393,21879.0,2448,63.58381502890173
507733,394,21985.8,2448,63.89419262591652
507733,395,22073.2,2448,64.1481907717882
507733,396,22180.6,2448,64.46031206316823
507733,397,22082.8,2448,64.17608988163221
507733,398,22110.6,2448,64.25688105388886
507733,399,22043.3,2448,64.06129666925315
507733,400,22100.3,2448,64.22694763395205
507733,401,22131.1,2448,64.31645727803497
507733,402,22099.7,2448,64.2252039395868
507733,403,22074.2,2448,64.15109692906361
507733,404,22037.9,2448,64.04560341996589
507733,405,21999.5,2448,63.93400698058978
507733,406,21887.2,2448,63.607645518560176
507733,407,21921.3,2448,63.70674548165198
507733,408,22141.6,2448,64.34697192942687
507733,409,22024.4,2448,64.00637029674772
507733,410,22024.4,2448,64.00637029674772
507733,411,22013.9,2448,63.97585564535582
507733,412,21923.9,2448,63.71430149056807
507733,413,22149.2,2448,64.36905872472006
507733,414,21949.6,2448,63.78898973254635
507733,415,21910.2,2448,63.67448713589482
507733,416,21870.7,2448,63.55969392351575
507733,417,22011.9,2448,63.97004333080498
507733,418,22002.5,2448,63.942725452416035
507733,419,21884.6,2448,63.600089509644086
507733,420,21939.7,2448,63.760218775519704
507733,421,21798.7,2448,63.35045059968555
507733,422,21798.0,2448,63.34841628959275
507733,423,22131.9,2448,64.31878220385532
507733,424,22163.1,2448,64.40945431084839
507733,425,21990.1,2448,63.90668910220082
507733,426,22000.7,2448,63.93749436932029
507733,427,21938.8,2448,63.757603233971814
507733,428,22180.0,2448,64.45856836880299
507733,429,21947.0,2448,63.78143372363026
507733,430,22062.8,2448,64.11796673612382
507733,431,21992.3,2448,63.91308264820675
507733,432,21965.6,2448,63.83548824895305
507733,433,21916.3,2448,63.69221469527488
507733,434,21889.1,2448,63.61316721738347
507733,435,21968.7,2448,63.84449733650687
507733,436,22172.5,2448,64.43677218923733
507733,437,21860.0,2448,63.52859804066876
507733,438,21916.3,2448,63.69221469527488
507733,439,21951.7,2448,63.795092662824736
507733,440,21875.3,2448,63.57306224698268
507733,441,21909.7,2448,63.67303405725711
507733,442,21876.6,2448,63.57684025144073
507733,443,21982.5,2448,63.88460230690765
507733,444,21995.2,2448,63.92151050430547
507733,445,21989.1,2448,63.9037829449254
507733,446,21890.6,2448,63.6175264532966
507733,447,22032.7,2448,64.0304914021337
507733,448,21918.2,2448,63.697736394098186
507733,449,21872.8,2448,63.565796853794126
507733,450,22051.8,2448,64.08599900609421
507733,451,21955.7,2448,63.806717291926404
507733,452,22035.8,2448,64.0395004896875
507733,453,22094.8,2448,64.21096376893725
507733,454,21897.9,2448,63.63874140140716
507733,455,21968.1,2448,63.8427536421416
507733,456,21952.5,2448,63.79741758864506
507733,457,22049.2,2448,64.07844299717812
507733,458,22062.8,2448,64.11796673612382
507733,459,21935.6,2448,63.748303530690464
507733,460,21806.2,2448,63.3722467792512
507733,461,21894.9,2448,63.6300229295809
507733,462,21921.8,2448,63.708198560289674
507733,463,22080.0,2448,64.16795264126102
507733,464,22209.8,2448,64.54517185561048
507733,465,22059.7,2448,64.10895764857003
507733,466,21965.8,2448,63.836069480408135
507733,467,21939.7,2448,63.760218775519704
507733,468,21905.8,2448,63.66170004388297
507733,469,21940.2,2448,63.761671854157406
507733,470,21936.9,2448,63.75208153514852
507733,471,21880.5,2448,63.58817426481486
507733,472,21962.7,2448,63.82706039285435
507733,473,22169.3,2448,64.42747248595599
507733,474,21917.8,2448,63.696573931188006
507733,475,22004.6,2448,63.948828382694415
507733,476,21982.9,2448,63.88576476981781
507733,477,21945.5,2448,63.77707448771713
507733,478,21922.3,2448,63.7096516389274
507733,479,21934.6,2448,63.74539737341505
507733,480,22082.7,2448,64.17579926590467
507733,481,22039.5,2448,64.05025327160655
507733,482,22056.5,2448,64.09965794528868
507733,483,21944.3,2448,63.77358709898662
507733,484,22124.4,2448,64.29698602428967
507733,485,21927.3,2448,63.72418242530449
507733,486,21997.9,2448,63.92935712894911
507733,487,21977.6,2448,63.87036213625809
507733,488,21883.7,2448,63.5974739680962
507733,489,21847.1,2448,63.49110861181585
507733,490,22022.3,2448,64.00026736646933
507733,491,22004.7,2448,63.94911899842196
507733,492,21990.3,2448,63.90727033365591
507733,493,22024.3,2448,64.00607968102018
507733,494,21945.5,2448,63.77707448771713
507733,495,21919.1,2448,63.700351935646054
507733,496,22015.8,2448,63.981377344179116
507733,497,21932.9,2448,63.740456906046845
507733,498,21874.5,2448,63.57073732116235
507733,499,21762.6,2448,63.24553832204291
507733,500,21123.7,2448,61.38879443877744
507733,501,21829.1,2448,63.438797780858295
507733,502,21880.0,2448,63.58672118617715
507733,503,22006.0,2448,63.95289700288
507733,504,22043.6,2448,64.06216851643576
507733,505,22028.0,2448,64.01683246293923
507733,506,21964.4,2448,63.83200086022256
507733,507,22043.9,2448,64.0630403636184
507733,508,21949.7,2448,63.78928034827389
507733,509,21930.5,2448,63.733482128585834
507733,510,21860.0,2448,63.52859804066876
507733,511,22032.4,2448,64.02961955495108
507733,512,22081.5,2448,64.17231187717417
507733,513,21960.2,2448,63.819794999665795
507733,514,21964.2,2448,63.83141962876748
507733,515,21862.9,2448,63.53702589676748
507733,516,21852.5,2448,63.50680186110312
507733,517,21900.7,2448,63.646878641778336
507733,518,22025.4,2448,64.00927645402314
507733,519,21949.3,2448,63.78811788536372
507733,520,21960.6,2448,63.82095746257596
507733,521,21962.2,2448,63.82560731421663
507733,522,21942.1,2448,63.7671935529807
507733,523,21935.6,2448,63.748303530690464
507733,524,22157.3,2448,64.39259859865096
507733,525,22011.2,2448,63.968009020712195
507733,526,21987.4,2448,63.8988424775572
507733,527,21992.0,2448,63.91221080102413
507733,528,21964.3,2448,63.831710244495
507733,529,21932.1,2448,63.7381319802265
507733,530,21967.1,2448,63.83984748486618
507733,531,22093.3,2448,64.20660453302412
507733,532,22091.0,2448,64.19992037129066
507733,533,22060.6,2448,64.1115731901179
507733,534,22007.4,2448,63.95696562306559
507733,535,21997.3,2448,63.927613434583854
507733,536,21968.8,2448,63.84478795223439
507733,537,22014.4,2448,63.97730872399353
507733,538,21884.2,2448,63.59892704673391
507733,539,21861.5,2448,63.5329572765819
507733,540,21734.8,2448,63.16474714978625
507733,541,21847.4,2448,63.49198045899848
507733,542,21936.2,2448,63.750047225055724
507733,543,21926.0,2448,63.720404420846435
507733,544,22000.2,2448,63.93604129068257
507733,545,22000.5,2448,63.9369131378652
507733,546,21970.9,2448,63.85089088251278
507733,547,21914.5,2448,63.68698361217913
507733,548,21904.9,2448,63.6590845023351
507733,549,21981.0,2448,63.880243070994524
507733,550,22056.8,2448,64.1005297924713
507733,551,21895.9,2448,63.63292908685632
507733,552,22106.6,2448,64.2452564247872
507733,553,22154.1,2448,64.38329889536962
507733,554,22008.3,2448,63.95958116461346
507733,555,22028.0,2448,64.01683246293923
507733,556,21997.5,2448,63.928194666038934
507733,557,22040.8,2448,64.05403127606459
507733,558,21980.5,2448,63.87878999235681
507733,559,22142.2,2448,64.34871562379213
507733,560,22012.7,2448,63.97236825662532
507733,561,22024.8,2448,64.00753275965789
507733,562,21978.4,2448,63.87268706207843
507733,563,21954.9,2448,63.80439236610608
507733,564,21871.1,2448,63.56085638642591
507733,565,21924.0,2448,63.71459210629561
507733,566,22009.8,2448,63.96394040052659
507733,567,22385.2,2448,65.05491184171905
507733,568,22454.3,2448,65.25572730945053
507733,569,22064.2,2448,64.12203535630941
507733,570,21958.2,2448,63.813982685114965
507733,571,21962.4,2448,63.82618854567173
507733,572,21940.1,2448,63.761381238429856
507733,573,21979.6,2448,63.87617445080892
507733,574,22179.2,2448,64.45624344298265
507733,575,21955.0,2448,63.8046829818336
507733,576,22043.4,2448,64.0615872849807
507733,577,21909.4,2448,63.6721622100745
507733,578,21939.1,2448,63.758475081154444
507733,579,21869.6,2448,63.55649715051278
507733,580,21867.7,2448,63.550975451689496
507733,581,21949.4,2448,63.78840850109126
507733,582,21954.4,2448,63.80293928746836
507733,583,21987.9,2448,63.90029555619491
507733,584,21980.8,2448,63.87966183953943
507733,585,22016.4,2448,63.98312103854436
507733,586,22013.4,2448,63.974402566718105
507733,587,21933.0,2448,63.74074752177438
507733,588,21906.4,2448,63.663443738248226
507733,589,22104.3,2448,64.23857226305373
507733,590,21909.9,2448,63.67361528871219
507733,591,21981.3,2448,63.88111491817714
507733,592,21893.9,2448,63.62711677230549
507733,593,22090.8,2448,64.19933913983556
507733,594,22054.2,2448,64.09297378355522
507733,595,21938.6,2448,63.75702200251672
507733,596,21905.2,2448,63.65995634951772
507733,597,22033.1,2448,64.03165386504386
507733,598,21957.6,2448,63.8122389907497
507733,599,21954.2,2448,63.802358056013276
507733,600,21951.9,2448,63.79567389427982
507733,601,21897.8,2448,63.638450785679616
507733,602,21937.1,2448,63.75266276660359
507733,603,22099.6,2448,64.22491332385925
507733,604,21957.7,2448,63.81252960647724
507733,605,21943.1,2448,63.77009971025611
507733,606,21906.0,2448,63.66228127533806
507733,607,21863.3,2448,63.53818835967765
507733,608,21866.5,2448,63.54748806295898
507733,609,21866.5,2448,63.54748806295898
507733,610,21907.9,2448,63.667802974161354
507733,611,21929.6,2448,63.73086658703795
507733,612,21956.2,2448,63.80817037056411
507733,613,21975.8,2448,63.86513105316234
507733,614,21886.5,2448,63.60561120846739
507733,615,21809.2,2448,63.380965251077455
507733,616,22018.4,2448,63.988933353095206
507733,617,22090.0,2448,64.19701421401524
507733,618,22032.6,2448,64.03020078640616
507733,619,21886.3,2448,63.60502997701229
507733,620,21931.4,2448,63.73609767013371
507733,621,22009.0,2448,63.96161547470626
507733,622,22107.0,2448,64.24641888769736
507733,623,22073.9,2448,64.15022508188099
507733,624,22051.4,2448,64.08483654318404
507733,625,22102.3,2448,64.23275994850289
507733,626,22183.5,2448,64.46873991926695
507733,627,22193.2,2448,64.49692964483852
507733,628,22037.5,2448,64.04444095705571
507733,629,22018.6,2448,63.989514584550285
507733,630,22078.6,2448,64.16388402107545
507733,631,22025.7,2448,64.01014830120576
507733,632,22099.6,2448,64.22491332385925
507733,633,22023.5,2448,64.00375475519984
507733,634,21963.3,2448,63.828804087219595
507733,635,22027.9,2448,64.0165418472117
507733,636,22085.6,2448,64.18422712200339
507733,637,22113.5,2448,64.26530890998758
507733,638,22031.4,2448,64.02671339767565
507733,639,21985.1,2448,63.892158315823735
507733,640,21955.5,2448,63.80613606047132
507733,641,21899.4,2448,63.64310063732029
507733,642,22016.7,2448,63.98399288572699
507733,643,22003.4,2448,63.94534099396392
507733,644,21967.1,2448,63.83984748486618
507733,645,21917.3,2448,63.695120852550296
507733,646,21972.2,2448,63.85466888697083
507733,647,22055.1,2448,64.09558932510309
507733,648,22095.3,2448,64.21241684757494
507733,649,21993.0,2448,63.91511695829955
507733,650,21920.1,2448,63.703258092921466
507733,651,21908.9,2448,63.67070913143679
507733,652,21902.1,2448,63.650947261963914
507733,653,21878.2,2448,63.5814901030814
507733,654,21944.4,2448,63.773877714714175
507733,655,22009.8,2448,63.96394040052659
507733,656,22249.1,2448,64.65938383653446
507733,657,22150.1,2448,64.37167426626793
507733,658,22135.8,2448,64.33011621722945
507733,659,22151.4,2448,64.375452270726
507733,660,22051.6,2448,64.08541777463913
507733,661,21999.1,2448,63.932844517679605
507733,662,22001.5,2448,63.939819295140616
507733,663,21981.1,2448,63.880533686722046
507733,664,22036.1,2448,64.04037233687012
507733,665,21927.2,2448,63.72389180957695
507733,666,22008.3,2448,63.95958116461346
507733,667,22087.2,2448,64.18887697364406
507733,668,21983.5,2448,63.887508464183064
507733,669,21905.5,2448,63.66082819670035
507733,670,21928.2,2448,63.726797966852374
507733,671,22054.9,2448,64.09500809364802
507733,672,22027.9,2448,64.0165418472117
507733,673,22047.6,2448,64.07379314553745
507733,674,21951.3,2448,63.793930199914556
507733,675,21938.4,2448,63.75644077106165
507733,676,22006.9,2448,63.95551254442789
507733,677,22114.9,2448,64.26937753017319
507733,678,22056.7,2448,64.10023917674377
507733,679,22008.8,2448,63.96103424325118
507733,680,21869.5,2448,63.55620653478525
507733,681,21934.0,2448,63.7436536790498
507733,682,21837.6,2448,63.46350011769936
507733,683,21834.5,2448,63.45449103014556
507733,684,22036.1,2448,64.04037233687012
507733,685,21977.3,2448,63.869490289075465
507733,686,21960.1,2448,63.81950438393824
507733,687,21991.1,2448,63.909595259476255
507733,688,21889.5,2448,63.61432968029364
507733,689,22015.3,2448,63.9799242655414
507733,690,21935.8,2448,63.74888476214556
507733,691,21940.3,2448,63.76196246988494
507733,692,21858.6,2448,63.52452942048318
507733,693,21871.8,2448,63.562890696518714
507733,694,21956.1,2448,63.80787975483657
507733,695,21994.0,2448,63.91802311557497
507733,696,21959.2,2448,63.81688884239037
507733,697,21924.7,2448,63.7166264163884
507733,698,21917.1,2448,63.6945396210952
507733,699,21930.0,2448,63.732029049948125
507733,700,22034.7,2448,64.03630371668454
507733,701,22027.9,2448,64.0165418472117
507733,702,21908.3,2448,63.66896543707152
507733,703,21938.1,2448,63.755568923879025
507733,704,21888.8,2448,63.61229537020085
507733,705,21968.7,2448,63.84449733650687
507733,706,21983.3,2448,63.88692723272798
507733,707,21948.7,2448,63.78637419099848
507733,708,21912.5,2448,63.68117129762828
507733,709,21898.8,2448,63.64135694295503
507733,710,22163.7,2448,64.41119800521365
507733,711,22023.2,2448,64.00288290801721
507733,712,21976.4,2448,63.866874747527596
507733,713,21924.1,2448,63.71488272202315
507733,714,21872.0,2448,63.5634719279738
507733,715,22045.7,2448,64.06827144671415
507733,716,22062.8,2448,64.11796673612382
507733,717,22032.6,2448,64.03020078640616
507733,718,22003.9,2448,63.94679407260163
507733,719,21969.9,2448,63.84798472523737
507733,720,21936.6,2448,63.75120968796589
507733,721,21910.5,2448,63.675358983077444
507733,722,21897.1,2448,63.63641647558682
507733,723,21892.5,2448,63.623048152119885
507733,724,21865.1,2448,63.5434194427734
507733,725,21964.2,2448,63.83141962876748
507733,726,21988.6,2448,63.902329866287694
507733,727,21930.3,2448,63.732900897130754
507733,728,21918.8,2448,63.699480088463424
507733,729,21871.4,2448,63.56172823360855
507733,730,21906.3,2448,63.663153122520676
507733,731,21941.3,2448,63.764868627160354
507733,732,21911.2,2448,63.67739329317024
507733,733,21872.4,2448,63.564634390883974
507733,734,21875.4,2448,63.57335286271023
507733,735,21870.7,2448,63.55969392351575
507733,736,21595.8,2448,62.76079128850295
507733,737,21769.9,2448,63.26675327015347
507733,738,21786.4,2448,63.314704865197896
507733,739,21739.6,2448,63.178696704708265
507733,740,21714.7,2448,63.10633338855032
507733,741,21663.3,2448,62.95695690459376
507733,742,21662.8,2448,62.95550382595605
507733,743,21617.4,2448,62.82356428565201
507733,744,21599.1,2448,62.77038160751184
507733,745,21566.0,2448,62.67418780169545
507733,746,21532.6,2448,62.577122148696446
507733,747,21467.5,2448,62.38793131006664
507733,748,21450.7,2448,62.339107867839594
507733,749,21416.7,2448,62.24029852047534
507733,750,21395.0,2448,62.17723490759873
507733,751,21366.2,2448,62.09353757806665
507733,752,21349.0,2448,62.04355167292943
507733,753,21317.3,2448,61.95142648729864
507733,754,21278.3,2448,61.83808635355727
507733,755,21248.2,2448,61.75061101956716
507733,756,21220.6,2448,61.67040107876557
507733,757,21173.4,2448,61.53323045536578
507733,758,21146.9,2448,61.45621728756718
507733,759,21096.2,2448,61.3088751137034
507733,760,21069.2,2448,61.23040886726709
507733,761,21034.4,2448,61.12927459408249
507733,762,21017.7,2448,61.08074176758298
507733,763,20990.6,2448,61.0019849054191
507733,764,20945.5,2448,60.8709172122977
507733,765,20912.9,2448,60.776176485119024
507733,766,20896.9,2448,60.729677968712316
507733,767,20864.0,2448,60.63406539435101
507733,768,20832.4,2448,60.542230824447756
507733,769,20810.8,2448,60.479457827298695
507733,770,20778.9,2448,60.38675141021282
507733,771,20765.8,2448,60.34868074990482
507733,772,20744.6,2448,60.28707021566592
507733,773,20721.7,2448,60.22051921405883
507733,774,20697.3,2448,60.14960897653858
507733,775,20666.0,2448,60.05864625381796
507733,776,20629.2,2448,59.951699666082526
507733,777,20605.2,2448,59.88195189147246
507733,778,20567.2,2448,59.77151791500653
507733,779,20545.4,2448,59.70816368640238
507733,780,20512.5,2448,59.61255111204108
507733,781,20481.6,2448,59.52275085223062
507733,782,20439.7,2448,59.400982862390556
507733,783,20408.0,2448,59.30885767675975
507733,784,20384.2,2448,59.239691133604765
507733,785,20347.6,2448,59.133325777324416
507733,786,20322.3,2448,59.059799998256295
507733,787,20292.3,2448,58.972615279993725
507733,788,20264.4,2448,58.89153349200953
507733,789,20251.2,2448,58.853172215973984
507733,790,20224.0,2448,58.77412473808258
507733,791,20188.5,2448,58.67095615480518
507733,792,20161.8,2448,58.593361755551484
507733,793,20145.8,2448,58.54686323914477
507733,794,20129.0,2448,58.49803979691773
507733,795,20203.4,2448,58.71425789820894
507733,796,20169.0,2448,58.61428608793451
507733,797,20142.6,2448,58.53756353586343
507733,798,20013.9,2448,58.16354109451696
507733,799,19936.0,2448,57.93715144276178
507733,800,19929.5,2448,57.91826142047155
507733,801,19890.9,2448,57.80608374964037
507733,802,19866.1,2448,57.73401104920996
507733,803,19867.3,2448,57.73749843794047
507733,804,19833.0,2448,57.63781724339357
507733,805,19817.5,2448,57.59277180562458
507733,806,19860.6,2448,57.718027184195144
507733,807,19879.2,2448,57.772081709517956
507733,808,19866.6,2448,57.73546412784766
507733,809,19860.1,2448,57.71657410555744
507733,810,19846.1,2448,57.67588790370157
507733,811,19836.6,2448,57.64827940958508
507733,812,19836.9,2448,57.649151256767716
507733,813,19806.5,2448,57.560804075594966
507733,814,19761.5,2448,57.4300269982011
507733,815,19667.1,2448,57.155685751401485
507733,816,19697.7,2448,57.24461416402933
507733,817,19664.3,2448,57.14754851103032
507733,818,19632.8,2448,57.05600455685461
507733,819,19651.9,2448,57.11151216081512
507733,820,19614.1,2448,57.001659415804255
507733,821,19634.0,2448,57.05949194558511
507733,822,19602.7,2448,56.96852922286449
507733,823,19621.2,2448,57.02229313245975
507733,824,19681.4,2448,57.19724380043999
507733,825,19668.7,2448,57.160335603042164
507733,826,19741.6,2448,57.37219446842023
507733,827,19738.6,2448,57.363475996593976
507733,828,19713.8,2448,57.29140329616358
507733,829,19703.8,2448,57.26234172340938
507733,830,19705.9,2448,57.268444653687766
507733,831,19691.2,2448,57.225724141739114
507733,832,19642.2,2448,57.08332243524355
507733,833,19625.1,2448,57.033627145833876
507733,834,19594.0,2448,56.94324565456834
507733,835,19701.6,2448,57.25594817740347
507733,836,19714.6,2448,57.29372822198391
507733,837,19695.2,2448,57.23734877084078
507733,838,19680.5,2448,57.194628258892116
507733,839,19658.2,2448,57.12982095165026
507733,840,19619.0,2448,57.01589958645382
507733,841,19595.0,2448,56.946151811843755
507733,842,19565.4,2448,56.86012955649134
507733,843,19642.9,2448,57.08535674533634
507733,844,19625.7,2448,57.035370840199136
507733,845,19599.2,2448,56.95835767240052
507733,846,19581.6,2448,56.907209304353124
507733,847,19550.6,2448,56.81711842881513
507733,848,19411.6,2448,56.41316256753183
507733,849,19355.6,2448,56.25041776010834
507733,850,19355.3,2448,56.24954591292572
507733,851,19451.0,2448,56.527665164183354
507733,852,19426.8,2448,56.4573361581182
507733,853,19397.6,2448,56.37247636567595
507733,854,19355.7,2448,56.25070837583589
507733,855,19324.3,2448,56.159455037387715
507733,856,19302.1,2448,56.0949383458734
507733,857,19294.0,2448,56.0713984719425
507733,858,19288.0,2448,56.05396152828999
507733,859,19331.2,2448,56.17950752258811
507733,860,19311.8,2448,56.12312807144496
507733,861,19275.2,2448,56.01676271516463
507733,862,19272.2,2448,56.00804424333837
507733,863,19254.6,2448,55.95689587529098
507733,864,19219.6,2448,55.8551803706513
507733,865,19198.0,2448,55.792407373502236
507733,866,19279.8,2448,56.03013103863154
507733,867,19243.1,2448,55.923475066623645
507733,868,19196.8,2448,55.78891998477174
507733,869,19178.8,2448,55.736609153814186
507733,870,19164.0,2448,55.69359802613798
507733,871,19139.3,2448,55.621815941435116
507733,872,19112.3,2448,55.54334969499879
507733,873,19176.0,2448,55.728471913443
507733,874,19184.4,2448,55.75288363455653
507733,875,19152.6,2448,55.6604678331982
507733,876,19127.2,2448,55.586651438402555
507733,877,19110.6,2448,55.538409227630574
507733,878,19070.4,2448,55.42158170515873
507733,879,19051.5,2448,55.366655332653295
507733,880,19008.2,2448,55.24081872262764
507733,881,19034.1,2448,55.316088196060996
507733,882,19053.6,2448,55.372758262931676
507733,883,19010.7,2448,55.24808411581618
507733,884,18986.4,2448,55.17746449402349
507733,885,18972.8,2448,55.137940755077786
507733,886,18959.2,2448,55.09841701613208
507733,887,18924.5,2448,54.99757335867502
507733,888,18908.7,2448,54.9516560737234
507733,889,18926.5,2448,55.003385673225864
507733,890,18914.2,2448,54.9676399387382
507733,891,18898.9,2448,54.92317573242429
507733,892,18850.5,2448,54.78251772029399
507733,893,18867.7,2448,54.8325036254312
507733,894,18861.7,2448,54.81506668177868
507733,895,18831.6,2448,54.727591347788554
507733,896,18804.5,2448,54.64883448562469
507733,897,18764.0,2448,54.53113511597021
507733,898,18727.2,2448,54.42418852823477
507733,899,18706.3,2448,54.36344984117851
507733,900,18675.4,2448,54.27364958136805
507733,901,18646.7,2448,54.190242867563505
507733,902,18614.1,2448,54.09550214038482
507733,903,18590.1,2448,54.025754365774766
507733,904,18539.7,2448,53.879284039093626
507733,905,18535.6,2448,53.86736879426441
507733,906,18502.8,2448,53.772046835630654
507733,907,18477.7,2448,53.699102288017635
507733,908,18459.1,2448,53.64504776269482
507733,909,18452.3,2448,53.62528589322197
507733,910,18428.8,2448,53.556991197249616
507733,911,18397.1,2448,53.46486601161881
507733,912,18373.9,2448,53.39744316282909
507733,913,18336.6,2448,53.28904349645593
507733,914,18331.3,2448,53.273640862896215
507733,915,18326.5,2448,53.25969130797421
507733,916,18299.8,2448,53.182096908720496
507733,917,18271.2,2448,53.09898081064351
507733,918,18238.9,2448,53.005111930647466
507733,919,18217.3,2448,52.94233893349839
507733,920,18099.9,2448,52.60115606936417
507733,921,18069.1,2448,52.51164642528124
507733,922,18042.6,2448,52.43463325748263
507733,923,18010.4,2448,52.34105499321412
507733,924,17996.8,2448,52.30153125426842
507733,925,17991.7,2448,52.28670985216379
507733,926,17963.0,2448,52.20330313835924
507733,927,17936.2,2448,52.125418123378005
507733,928,17909.2,2448,52.046951876941684
507733,929,17873.6,2448,51.943492677936746
507733,930,17854.7,2448,51.88856630543132
507733,931,17816.1,2448,51.776388634600124
507733,932,17786.1,2448,51.68920391633753
507733,933,17763.1,2448,51.62236229900289
507733,934,17737.6,2448,51.548255288479695
507733,935,17705.3,2448,51.45438640848364
507733,936,17680.6,2448,51.38260432378078
507733,937,17651.8,2448,51.2989069942487
507733,938,17661.1,2448,51.32593425691011
507733,939,17628.8,2448,51.23206537691406
507733,940,17604.2,2448,51.16057390793876
507733,941,17574.9,2448,51.07542349976897
507733,942,17535.9,2448,50.96208336602761
507733,943,17516.4,2448,50.905413299156926
507733,944,17487.1,2448,50.820262890987124
507733,945,17461.9,2448,50.74702772764657
507733,946,17428.4,2448,50.64967145892001
507733,947,17408.8,2448,50.592710776321795
507733,948,17383.8,2448,50.520056844436304
507733,949,17360.7,2448,50.452924611374115
507733,950,17327.6,2448,50.356730805557724
507733,951,17317.3,2448,50.326797385620914
507733,952,17308.5,2448,50.301223201597224
507733,953,17273.9,2448,50.20067015986771
507733,954,17261.5,2448,50.16463380965252
507733,955,17228.8,2448,50.069602466746296
507733,956,17212.2,2448,50.02136025597433
507733,957,17184.4,2448,49.94056908371767
507733,958,17169.4,2448,49.89697672458639
507733,959,17147.9,2448,49.83449434316486
507733,960,17093.2,2448,49.67552754019942
507733,961,17079.0,2448,49.63426010688846
507733,962,17061.6,2448,49.58369297029617
507733,963,17040.6,2448,49.52266366751235
507733,964,17017.8,2448,49.45640328163279
507733,965,16991.8,2448,49.38084319247188
507733,966,16960.7,2448,49.29046170120635
507733,967,16896.6,2448,49.10417701985196
507733,968,16834.1,2448,48.922542190138245
507733,969,16830.3,2448,48.91149879249164
507733,970,16803.3,2448,48.83303254605533
507733,971,16786.4,2448,48.78391848810074
507733,972,16775.0,2448,48.75078829516096
507733,973,16772.1,2448,48.74236043906223
507733,974,16749.9,2448,48.67784374754793
507733,975,16726.7,2448,48.6104208987582
507733,976,16707.1,2448,48.55346021615997
507733,977,16684.9,2448,48.48894352464568
507733,978,16657.6,2448,48.40960543102672
507733,979,16634.1,2448,48.34131073505436
507733,980,16607.3,2448,48.263425720073116
507733,981,16582.3,2448,48.19077178818763
507733,982,16555.1,2448,48.111724310296225
507733,983,16544.4,2448,48.08062842744925
507733,984,16523.4,2448,48.01959912466544
507733,985,16502.1,2448,47.957697974698995
507733,986,16480.7,2448,47.89550620900503
507733,987,16478.1,2448,47.88795020008892
507733,988,16441.9,2448,47.78274730671875
507733,989,16422.0,2448,47.7249147769379
507733,990,16397.9,2448,47.65487638660029
507733,991,16372.9,2448,47.5822224547148
507733,992,16346.5,2448,47.505499902643734
507733,993,16320.9,2448,47.431102276392984
507733,994,16304.8,2448,47.38431314425874
507733,995,16289.2,2448,47.3389770907622
507733,996,16285.4,2448,47.327933693115604
507733,997,16272.8,2448,47.29131611144532
507733,998,16245.3,2448,47.21139678637128
507733,999,16207.1,2448,47.10038157845026
507733,1000,16203.1,2448,47.088756949348586
507733,1001,16182.3,2448,47.02830887801985
507733,1002,16158.2,2448,46.95827048768225
507733,1003,16133.7,2448,46.887069634434475
507733,1004,16114.7,2448,46.831852646201504
507733,1005,16088.0,2448,46.754258246947806
507733,1006,16059.3,2448,46.67085153314327
507733,1007,16048.6,2448,46.63975565029628
507733,1008,16023.9,2448,46.56797356559342
507733,1009,16010.6,2448,46.529321673830346
507733,1010,16002.3,2448,46.50520056844435
507733,1011,15993.3,2448,46.47904515296559
507733,1012,15979.3,2448,46.438358951109706
507733,1013,15975.3,2448,46.42673432200804
507733,1014,15982.5,2448,46.447658654391056
507733,1015,15955.5,2448,46.369192407954735
507733,1016,15932.1,2448,46.301188327709916
507733,1017,15913.5,2448,46.24713380238712
507733,1018,15894.2,2448,46.191044966971525
507733,1019,15872.7,2448,46.12856258555001
507733,1020,15859.5,2448,46.09020130951447
507733,1021,15831.6,2448,46.009119521530266
507733,1022,15843.2,2448,46.04283094592513
507733,1023,15832.8,2448,46.01260691026077
507733,1024,15813.9,2448,45.957680537755344
507733,1025,15774.6,2448,45.84346855683136
507733,1026,15756.2,2448,45.78999526296365
507733,1027,15734.7,2448,45.727512881542125
507733,1028,15703.2,2448,45.63596892736641
507733,1029,15679.8,2448,45.56796484712159
507733,1030,15659.6,2448,45.509260470158125
507733,1031,15632.0,2448,45.429050529356545
507733,1032,15625.2,2448,45.40928865988369
507733,1033,15595.8,2448,45.32384763598636
507733,1034,15584.0,2448,45.289554980136415
507733,1035,15559.5,2448,45.21835412688864
507733,1036,15537.9,2448,45.15558112973958
507733,1037,9749.72,2448,28.334219711302335
507733,1038,0.400586,0,0.0
507733,1039,0.35991,0,0.0
507733,1040,0.0,0,0.0
507733,1041,0.0,0,0.0
507733,1042,0.0,252,0.0
507758,1,0.354313,108,0.02333962419511552
507758,2,0.354283,252,0.010001849146357817
507758,3,0.354615,252,0.01001122191873637
507758,4,0.354521,252,0.010008568181978586
507758,5,0.355004,396,0.006377766100309452
507758,6,0.3554,396,0.00638488037331968
507758,7,0.356161,396,0.006398551993927717
507758,8,0.355153,540,0.004678991485927902
507758,9,0.35494,540,0.004676185300462757
507758,10,0.355858,540,0.004688279564580143
507758,11,0.35674,540,0.004699899543830179
507758,12,0.355477,540,0.004683260049734038
507758,13,0.355871,540,0.004688450834115574
507758,14,0.355357,540,0.0046816791001762096
507758,15,0.35574,648,0.0039056041368180096
507758,16,0.355854,756,0.003348733475901106
507758,17,0.356237,756,0.003352337664476393
507758,18,0.356743,756,0.0033570993339779465
507758,19,0.35637,756,0.003353589249543007
507758,20,0.357444,900,0.002825504668741663
507758,21,0.356418,1044,0.002428788273715521
507758,22,0.357065,1188,0.002138264219189075
507758,23,0.35745,1188,0.002140569770627574
507758,24,0.358,1296,0.0019652081309114063
507758,25,0.357623,1296,0.001963138624024944
507758,26,0.357361,1404,0.0018108003683815156
507758,27,0.357873,1404,0.0018133947471430797
507758,28,0.35833,1404,0.0018157104328736164
507758,29,0.35869,1404,0.0018175346054403413
507758,30,0.358907,1404,0.001818634176126395
507758,31,0.358994,1548,0.001649858737101646
507758,32,0.359696,1836,0.0013937775297856903
507758,33,0.360326,1836,0.0013962187018970427
507758,34,0.361057,2016,0.0012741359475463522
507758,35,0.360691,2016,0.0012728443682200907
507758,36,0.361091,2304,0.0011149739390346328
507758,37,0.362635,2448,0.0010538743435717253
507758,38,0.364215,2448,0.0010584660720668884
507758,39,0.364197,2448,0.0010584137612359304
507758,40,0.362539,2448,0.0010535953524732852
507758,41,0.363342,2448,0.001055928996765447
507758,42,0.362654,2448,0.0010539295605599582
507758,43,0.364218,2448,0.0010584747905387144
507758,44,0.262221,2448,0.0007620554669177587
507758,45,0.265069,2448,0.0007703322028381532
507758,46,0.27021,2448,0.0007852727573910845
507758,47,0.273827,2448,0.0007957843282562766
507758,48,0.279921,2448,0.0008134944506926825
507758,49,0.287574,2448,0.0008357352723214676
507758,50,0.298121,2448,0.0008663865131053164
507758,51,0.307602,2448,0.0008939397902335678
507758,52,0.316132,2448,0.0009187293117928956
507758,53,0.324519,2448,0.0009431032528618384
507758,54,0.330044,2448,0.0009591597718085307
507758,55,0.333137,2448,0.000968148516261403
507758,56,0.33855,2448,0.0009838795455932483
507758,57,0.332752,2448,0.0009670296457103666
507758,58,0.338125,2448,0.000982644428751195
507758,59,0.342942,2448,0.0009966433883468906
507758,60,0.352068,2448,0.0010231649796423683
507758,61,0.359905,2448,0.0010459405342098302
507758,62,0.367825,2448,0.0010689572998311522
507758,63,0.376076,2448,0.001092936003510638
507758,64,0.382318,2448,0.001111076237223806
507758,65,0.384426,2448,0.0011172024167603902
507758,66,0.388161,2448,0.0011280569141840816
507758,67,0.394678,2448,0.0011469963411479902
507758,68,0.406202,2448,0.0011804868975899237
507758,69,0.416304,2448,0.0012098448983862108
507758,70,0.417821,2448,0.0012142535389730222
507758,71,0.418392,2448,0.0012159129547772863
507758,72,0.41862,2448,0.0012165755586360822
507758,73,0.417471,2448,0.0012132363839266254
507758,74,0.41584,2448,0.0012084964414104161
507758,75,0.418024,2448,0.0012148434888999322
507758,76,0.416287,2448,0.0012097954937125286
507758,77,0.416988,2448,0.0012118327099625978
507758,78,0.418423,2448,0.0012160030456528248
507758,79,0.420202,2448,0.0012211730994457959
507758,80,0.420556,2448,0.0012222018791212942
507758,81,0.433681,2448,0.0012603451933611745
507758,82,0.449387,2448,0.001305989299528912
507758,83,0.45785,2448,0.0013305841085507865
507758,84,0.463604,2448,0.00134730613751355
507758,85,0.470666,2448,0.001367829420192562
507758,86,0.477341,2448,0.0013872280200059866
507758,87,0.465706,2448,0.0013534148801064817
507758,88,0.458462,2448,0.0013323626768033433
507758,89,0.45803,2448,0.0013311072168603621
507758,90,0.458129,2448,0.0013313949264306285
507758,91,0.457494,2448,0.0013295495165607373
507758,92,1976.79,2448,5.744862640476377
507758,93,16002.5,2448,46.505781799899445
507758,94,15743.2,2448,45.752215218383185
507758,95,15695.1,2448,45.61242905343551
507758,96,17111.9,2448,49.72987268124977
507758,97,17569.3,2448,51.059149019026606
507758,98,17532.5,2448,50.95220243129118
507758,99,17513.1,2448,50.89582298014803
507758,100,17504.2,2448,50.86995818039681
507758,101,17490.9,2448,50.831306288633726
507758,102,17487.2,2448,50.820553506714674
507758,103,17482.1,2448,50.80573210461004
507758,104,17473.2,2448,50.77986730485881
507758,105,17459.3,2448,50.73947171873048
507758,106,17456.1,2448,50.730172015449135
507758,107,17449.8,2448,50.71186322461399
507758,108,17444.4,2448,50.69616997532673
507758,109,17434.3,2448,50.66681778684499
507758,110,17414.5,2448,50.609275872791684
507758,111,17623.4,2448,51.216372127626805
507758,112,18055.6,2448,52.472413302063075
507758,113,18248.2,2448,53.032139193308865
507758,114,18580.3,2448,53.99727402447565
507758,115,19025.6,2448,55.29138585921992
507758,116,19185.5,2448,55.756080407559494
507758,117,19373.7,2448,56.30301920679344
507758,118,19632.7,2448,57.05571394112707
507758,119,19718.5,2448,57.30506223535805
507758,120,19835.3,2448,57.644501405127045
507758,121,19250.6,2448,55.9452712461893
507758,122,16948.7,2448,49.25558781390132
507758,123,17183.2,2448,49.93708169498717
507758,124,20908.0,2448,60.761936314469466
507758,125,21759.1,2448,63.235366771578946
507758,126,21727.1,2448,63.142369738765524
507758,127,21677.4,2448,62.99793372217719
507758,128,21730.6,2448,63.15254128922949
507758,129,21785.4,2448,63.311798707922485
507758,130,21545.5,2448,62.614611577549354
507758,131,21529.5,2448,62.56811306114264
507758,132,21517.9,2448,62.53440163674778
507758,133,21479.7,2448,62.42338642882675
507758,134,21429.5,2448,62.2774973336007
507758,135,21390.3,2448,62.16357596840426
507758,136,21352.3,2448,62.05314199193832
507758,137,21328.8,2448,61.984847295965956
507758,138,21313.4,2448,61.9400924739245
507758,139,21284.9,2448,61.85726699157505
507758,140,21286.9,2448,61.8630793061259
507758,141,21269.9,2448,61.81367463244376
507758,142,21186.1,2448,61.57013865276361
507758,143,21166.0,2448,61.51172489152768
507758,144,21044.2,2448,61.15775493538159
507758,145,20976.3,2448,60.96042685638061
507758,146,21167.3,2448,61.515502895985726
507758,147,21110.8,2448,61.351305009924516
507758,148,21099.4,2448,61.31817481698475
507758,149,21493.9,2448,62.46465386213771
507758,150,21376.1,2448,62.122308535093296
507758,151,21282.5,2448,61.85029221411404
507758,152,21298.6,2448,61.897081346248285
507758,153,21528.2,2448,62.564335056684605
507758,154,21557.2,2448,62.64861361767177
507758,155,21577.8,2448,62.7084804575454
507758,156,21496.3,2448,62.47162863959871
507758,157,21370.0,2448,62.10458097571324
507758,158,21308.2,2448,61.92498045609232
507758,159,21358.1,2448,62.06999770413575
507758,160,21618.6,2448,62.8270516743825
507758,161,21543.0,2448,62.60734618436081
507758,162,21510.9,2448,62.51405853581985
507758,163,21388.9,2448,62.15950734821868
507758,164,21514.9,2448,62.52568316492152
507758,165,21560.0,2448,62.65675085804293
507758,166,21412.1,2448,62.2269301970084
507758,167,21564.7,2448,62.67040979723742
507758,168,21677.0,2448,62.99677125926701
507758,169,21557.1,2448,62.64832300194421
507758,170,21457.7,2448,62.359450968767526
507758,171,21425.5,2448,62.265872704499024
507758,172,21506.0,2448,62.499818365170285
507758,173,21665.3,2448,62.96276921914459
507758,174,21662.4,2448,62.95434136304589
507758,175,21605.6,2448,62.78927162980206
507758,176,21509.3,2448,62.50940868417917
507758,177,21463.9,2448,62.37746914387514
507758,178,21642.0,2448,62.89505575462733
507758,179,21482.1,2448,62.43036120628776
507758,180,21452.0,2448,62.34288587229764
507758,181,21366.1,2448,62.09324696233911
507758,182,21935.8,2448,63.74888476214556
507758,183,22038.8,2448,64.04821896151375
507758,184,22077.4,2448,64.16039663234496
507758,185,22028.6,2448,64.01857615730447
507758,186,21976.0,2448,63.865712284617416
507758,187,21915.5,2448,63.68988976945455
507758,188,21826.2,2448,63.43036992475959
507758,189,21837.4,2448,63.462918886244296
507758,190,21770.5,2448,63.26849696451872
507758,191,21690.1,2448,63.034841919574994
507758,192,21675.2,2448,62.991540176171256
507758,193,21679.3,2448,63.00345542100047
507758,194,21876.7,2448,63.57713086716827
507758,195,21860.9,2448,63.531213582216644
507758,196,21811.7,2448,63.38823064426602
507758,197,21762.5,2448,63.24524770631537
507758,198,21718.1,2448,63.11621432328675
507758,199,21728.2,2448,63.145566511768486
507758,200,21854.7,2448,63.513195407109045
507758,201,21773.1,2448,63.276052973434815
507758,202,21724.8,2448,63.13568557703205
507758,203,21945.9,2448,63.7782369506273
507758,204,21943.3,2448,63.770680941711205
507758,205,21924.2,2448,63.71517333775069
507758,206,21873.2,2448,63.5669593167043
507758,207,21890.8,2448,63.618107684751685
507758,208,22101.4,2448,64.23014440695502
507758,209,21991.1,2448,63.909595259476255
507758,210,21929.3,2448,63.72999473985532
507758,211,21958.5,2448,63.81485453229758
507758,212,22017.2,2448,63.9854459643647
507758,213,21981.6,2448,63.88198676535977
507758,214,21936.7,2448,63.75150030369345
507758,215,21949.1,2448,63.787536653908624
507758,216,22073.6,2448,64.14935323469835
507758,217,22037.1,2448,64.04327849414554
507758,218,22014.9,2448,63.97876180263123
507758,219,21922.7,2448,63.71081410183756
507758,220,21870.0,2448,63.557659613422956
507758,221,22040.2,2448,64.05228758169936
507758,222,22061.8,2448,64.1150605788484
507758,223,22015.8,2448,63.981377344179116
507758,224,21949.6,2448,63.78898973254635
507758,225,21932.5,2448,63.73929444313667
507758,226,22241.3,2448,64.6367158097862
507758,227,22019.8,2448,63.99300197328079
507758,228,21960.3,2448,63.82008561539333
507758,229,22010.2,2448,63.96510286343676
507758,230,21947.9,2448,63.78404926517813
507758,231,21894.7,2448,63.62944169812582
507758,232,21952.1,2448,63.79625512573489
507758,233,21908.6,2448,63.66983728425415
507758,234,21927.4,2448,63.72447304103204
507758,235,22030.4,2448,64.02380724040023
507758,236,21947.5,2448,63.782886802267974
507758,237,21924.3,2448,63.715463953478235
507758,238,21963.6,2448,63.82967593440222
507758,239,22058.9,2448,64.1066327227497
507758,240,21976.5,2448,63.867165363255125
507758,241,21910.0,2448,63.673905904439735
507758,242,21895.5,2448,63.63176662394615
507758,243,21899.9,2448,63.64455371595801
507758,244,21938.6,2448,63.75702200251672
507758,245,21922.8,2448,63.71110471756511
507758,246,21870.7,2448,63.55969392351575
507758,247,21850.4,2448,63.50069893082474
507758,248,22069.2,2448,64.13656614268652
507758,249,21877.3,2448,63.57887456153351
507758,250,22057.6,2448,64.10285471829164
507758,251,22021.0,2448,63.996489362011296
507758,252,21993.6,2448,63.916860652664795
507758,253,21908.7,2448,63.67012789998169
507758,254,21937.5,2448,63.75382522951377
507758,255,21908.3,2448,63.66896543707152
507758,256,21917.6,2448,63.695992699732926
507758,257,21872.6,2448,63.56521562233904
507758,258,22019.5,2448,63.99213012609816
507758,259,21937.8,2448,63.754697076696395
507758,260,22162.0,2448,64.40625753784543
507758,261,22247.8,2448,64.65560583207642
507758,262,21931.2,2448,63.73551643867863
507758,263,21913.8,2448,63.68494930208632
507758,264,22044.2,2448,64.06391221080102
507758,265,21990.9,2448,63.90901402802117
507758,266,21996.6,2448,63.92557912449105
507758,267,21936.2,2448,63.750047225055724
507758,268,21907.2,2448,63.665768664068565
507758,269,21894.5,2448,63.62886046667074
507758,270,22038.6,2448,64.04763773005868
507758,271,21980.5,2448,63.87878999235681
507758,272,21968.1,2448,63.8427536421416
507758,273,21948.8,2448,63.78666480672601
507758,274,22001.5,2448,63.939819295140616
507758,275,21994.6,2448,63.919766809940214
507758,276,21971.4,2448,63.852343961150495
507758,277,21919.4,2448,63.701223782828684
507758,278,21931.6,2448,63.736678901588796
507758,279,21882.0,2448,63.592533500727995
507758,280,21856.9,2448,63.519588953114976
507758,281,22037.0,2448,64.042987878418
507758,282,22055.1,2448,64.09558932510309
507758,283,22086.2,2448,64.18597081636865
507758,284,21976.8,2448,63.868037210437755
507758,285,21933.5,2448,63.74220060041209
507758,286,22000.7,2448,63.93749436932029
507758,287,22021.8,2448,63.99881428783163
507758,288,22011.8,2448,63.96975271507743
507758,289,21967.4,2448,63.84071933204881
507758,290,21917.2,2448,63.69483023682275
507758,291,21926.0,2448,63.720404420846435
507758,292,22039.0,2448,64.04880019296884
507758,293,21918.2,2448,63.697736394098186
507758,294,21924.2,2448,63.71517333775069
507758,295,21776.7,2448,63.28651513962633
507758,296,21809.9,2448,63.38299956117026
507758,297,21901.0,2448,63.64775048896096
507758,298,21868.4,2448,63.553009761782285
507758,299,22040.4,2448,64.05286881315443
507758,300,21980.8,2448,63.87966183953943
507758,301,21914.8,2448,63.68785545936175
507758,302,21941.3,2448,63.764868627160354
507758,303,22232.5,2448,64.61114162576251
507758,304,22196.8,2448,64.50739181103003
507758,305,21873.0,2448,63.56637808524922
507758,306,22026.8,2448,64.01334507420871
507758,307,22000.6,2448,63.93720375359274
507758,308,21929.8,2448,63.73144781849304
507758,309,21911.4,2448,63.67797452462533
507758,310,21878.7,2448,63.582943181719116
507758,311,21847.0,2448,63.49081799608831
507758,312,21911.3,2448,63.677683908897784
507758,313,21941.9,2448,63.76661232152561
507758,314,22082.5,2448,64.17521803444959
507758,315,21929.4,2448,63.73028535558287
507758,316,21893.6,2448,63.626244925122855
507758,317,21975.1,2448,63.86309674306953
507758,318,22003.6,2448,63.945922225419
507758,319,22034.1,2448,64.03456002231928
507758,320,21962.7,2448,63.82706039285435
507758,321,21889.9,2448,63.61549214320381
507758,322,21902.3,2448,63.65152849341901
507758,323,22056.5,2448,64.09965794528868
507758,324,21983.6,2448,63.88779907991061
507758,325,22027.9,2448,64.0165418472117
507758,326,21992.5,2448,63.91366387966184
507758,327,21923.9,2448,63.71430149056807
507758,328,21882.0,2448,63.592533500727995
507758,329,21894.7,2448,63.62944169812582
507758,330,22063.1,2448,64.11883858330646
507758,331,22017.5,2448,63.986317811547316
507758,332,21931.9,2448,63.73755074877143
507758,333,21898.4,2448,63.64019448004488
507758,334,21928.7,2448,63.72825104549008
507758,335,22049.6,2448,64.07960546008827
507758,336,22083.5,2448,64.178124191725
507758,337,22078.4,2448,64.16330278962037
507758,338,21984.1,2448,63.88925215854831
507758,339,21984.9,2448,63.89157708436866
507758,340,21950.1,2448,63.79044281118406
507758,341,21893.9,2448,63.62711677230549
507758,342,22241.3,2448,64.6367158097862
507758,343,22367.9,2448,65.0046353208543
507758,344,22140.3,2448,64.34319392496883
507758,345,21991.6,2448,63.91104833811395
507758,346,21903.6,2448,63.65530649787704
507758,347,22063.7,2448,64.1205822776717
507758,348,22132.0,2448,64.31907281958286
507758,349,22101.2,2448,64.22956317549993
507758,350,22066.6,2448,64.12901013377041
507758,351,22030.4,2448,64.02380724040023
507758,352,22020.1,2448,63.99387382046341
507758,353,21980.6,2448,63.87908060808435
507758,354,21893.5,2448,63.62595430939532
507758,355,21965.0,2448,63.8337445545878
507758,356,22104.4,2448,64.23886287878128
507758,357,22078.2,2448,64.16272155816529
507758,358,22038.2,2448,64.04647526714851
507758,359,21972.3,2448,63.854959502698364
507758,360,21999.8,2448,63.9348788277724
507758,361,22067.4,2448,64.13133505959077
507758,362,21885.4,2448,63.60241443546442
507758,363,21885.3,2448,63.602123819736875
507758,364,22035.5,2448,64.03862864250488
507758,365,21901.2,2448,63.648331720416046
507758,366,21895.4,2448,63.63147600821862
507758,367,21882.1,2448,63.592824116455525
507758,368,22122.7,2448,64.29204555692145
507758,369,22099.9,2448,64.22578517104189
507758,370,22071.9,2448,64.14441276733015
507758,371,22002.2,2448,63.94185360523342
507758,372,21961.1,2448,63.822410541213664
507758,373,21923.5,2448,63.713139027657895
507758,374,21919.0,2448,63.70006131991851
507758,375,21864.5,2448,63.54167574840815
507758,376,21885.9,2448,63.603867514102134
507758,377,21986.8,2448,63.89709878319195
507758,378,22010.2,2448,63.96510286343676
507758,379,21953.9,2448,63.80148620883065
507758,380,21938.9,2448,63.75789384969936
507758,381,21768.9,2448,63.26384711287806
507758,382,21841.3,2448,63.47425289961842
507758,383,22108.0,2448,64.24932504497278
507758,384,21884.2,2448,63.59892704673391
507758,385,21840.0,2448,63.47047489516038
507758,386,22054.2,2448,64.09297378355522
507758,387,21892.3,2448,63.62246692066481
507758,388,21910.2,2448,63.67448713589482
507758,389,21873.7,2448,63.56841239534201
507758,390,21894.1,2448,63.62769800376056
507758,391,22085.4,2448,64.1836458905483
507758,392,22053.2,2448,64.0900676262798
507758,393,22083.8,2448,64.17899603890763
507758,394,22000.7,2448,63.93749436932029
507758,395,22018.1,2448,63.98806150591257
507758,396,21891.4,2448,63.61985137911694
507758,397,21939.3,2448,63.75905631260952
507758,398,21911.3,2448,63.677683908897784
507758,399,21969.3,2448,63.84624103087211
507758,400,21948.2,2448,63.784921112360756
507758,401,21901.4,2448,63.64891295187114
507758,402,21932.5,2448,63.73929444313667
507758,403,22000.0,2448,63.93546005922749
507758,404,21965.6,2448,63.83548824895305
507758,405,21909.3,2448,63.67187159434693
507758,406,21876.8,2448,63.57742148289581
507758,407,22071.9,2448,64.14441276733015
507758,408,22026.4,2448,64.01218261129857
507758,409,22003.6,2448,63.945922225419
507758,410,21929.5,2448,63.730575971310415
507758,411,21900.7,2448,63.646878641778336
507758,412,22020.5,2448,63.99503628337357
507758,413,21904.1,2448,63.65675957651476
507758,414,21902.2,2448,63.651237877691464
507758,415,21978.3,2448,63.87239644635088
507758,416,22133.9,2448,64.32459451840614
507758,417,22032.4,2448,64.02961955495108
507758,418,21911.1,2448,63.67710267744269
507758,419,21986.1,2448,63.89506447309915
507758,420,22035.7,2448,64.03920987395996
507758,421,21836.8,2448,63.461175191879036
507758,422,21983.4,2448,63.887217848455535
507758,423,22083.8,2448,64.17899603890763
507758,424,22108.9,2448,64.25194058652067
507758,425,22040.4,2448,64.05286881315443
507758,426,22029.9,2448,64.02235416176252
507758,427,21993.1,2448,63.915407574027086
507758,428,22042.1,2448,64.05780928052263
507758,429,22115.9,2448,64.27228368744859
507758,430,21985.7,2448,63.89390201018899
507758,431,21954.1,2448,63.802067440285725
507758,432,21928.9,2448,63.72883227694517
507758,433,21942.4,2448,63.76806540016334
507758,434,21887.5,2448,63.6085173657428
507758,435,22180.7,2448,64.46060267889578
507758,436,22111.3,2448,64.25891536398167
507758,437,22011.0,2448,63.9674277892571
507758,438,21947.8,2448,63.78375864945059
507758,439,22014.6,2448,63.9778899554486
507758,440,21908.6,2448,63.66983728425415
507758,441,22045.1,2448,64.06652775234889
507758,442,22127.2,2448,64.30512326466085
507758,443,22088.1,2448,64.19149251519192
507758,444,22052.3,2448,64.08745208473192
507758,445,22057.5,2448,64.1025641025641
507758,446,21974.3,2448,63.86077181724921
507758,447,21988.9,2448,63.90320171347033
507758,448,21947.9,2448,63.78404926517813
507758,449,21938.5,2448,63.75673138678919
507758,450,21950.5,2448,63.79160527409423
507758,451,21960.3,2448,63.82008561539333
507758,452,21915.7,2448,63.690471000909625
507758,453,22010.6,2448,63.96626532634693
507758,454,22029.8,2448,64.02206354603497
507758,455,22020.4,2448,63.99474566764605
507758,456,21991.8,2448,63.91162956956904
507758,457,21960.7,2448,63.821248078303505
507758,458,21984.9,2448,63.89157708436866
507758,459,21932.8,2448,63.7401662903193
507758,460,21885.9,2448,63.603867514102134
507758,461,21891.2,2448,63.61927014766185
507758,462,22143.3,2448,64.35191239679509
507758,463,22008.9,2448,63.96132485897872
507758,464,21978.9,2448,63.87414014071614
507758,465,21827.8,2448,63.43501977640026
507758,466,22150.3,2448,64.37225549772302
507758,467,22078.2,2448,64.16272155816529
507758,468,21942.0,2448,63.76690293725316
507758,469,21896.4,2448,63.63438216549403
507758,470,21943.1,2448,63.77009971025611
507758,471,21971.3,2448,63.852053345422945
507758,472,21907.9,2448,63.667802974161354
507758,473,21728.1,2448,63.145275896040935
507758,474,21963.6,2448,63.82967593440222
507758,475,21868.9,2448,63.55446284042
507758,476,22021.7,2448,63.998523672104085
507758,477,22130.9,2448,64.31587604657989
507758,478,22083.0,2448,64.1766711130873
507758,479,22110.9,2448,64.2577529010715
507758,480,22072.7,2448,64.14673769315048
507758,481,22017.3,2448,63.985736580092244
507758,482,22013.0,2448,63.973240103807946
507758,483,21987.1,2448,63.897970630374566
507758,484,21984.3,2448,63.88983339000339
507758,485,21999.6,2448,63.93429759631731
507758,486,22043.3,2448,64.06129666925315
507758,487,22069.0,2448,64.13598491123143
507758,488,22019.3,2448,63.991548894643074
507758,489,21968.3,2448,63.84333487359669
507758,490,21935.3,2448,63.74743168350784
507758,491,21869.7,2448,63.55678776624034
507758,492,22028.5,2448,64.01828554157694
507758,493,22073.4,2448,64.14877200324328
507758,494,22092.8,2448,64.20515145438641
507758,495,22060.9,2448,64.11244503730053
507758,496,22013.6,2448,63.97498379817319
507758,497,22040.0,2448,64.05170635024426
507758,498,21849.8,2448,63.49895523645948
507758,499,21889.6,2448,63.61462029602117
507758,500,21965.1,2448,63.834035170315346
507758,501,22153.0,2448,64.38010212236667
507758,502,21971.9,2448,63.853797039788205
507758,503,22021.9,2448,63.99910490355918
507758,504,22032.4,2448,64.02961955495108
507758,505,22013.5,2448,63.97469318244565
507758,506,22028.8,2448,64.01915738875957
507758,507,22109.3,2448,64.25310304943082
507758,508,22092.5,2448,64.20427960720379
507758,509,21996.4,2448,63.92499789303598
507758,510,21984.8,2448,63.89128646864111
507758,511,21902.1,2448,63.650947261963914
507758,512,21877.1,2448,63.57829333007844
507758,513,21929.8,2448,63.73144781849304
507758,514,22009.0,2448,63.96161547470626
507758,515,22043.7,2448,64.06245913216331
507758,516,22013.5,2448,63.97469318244565
507758,517,22005.0,2448,63.94999084560458
507758,518,21996.9,2448,63.92645097167369
507758,519,21900.0,2448,63.64484433168554
507758,520,22051.5,2448,64.08512715891159
507758,521,21995.4,2448,63.92209173576055
507758,522,21951.6,2448,63.794802047097185
507758,523,21898.9,2448,63.64164755868258
507758,524,21925.0,2448,63.71749826357103
507758,525,22028.8,2448,64.01915738875957
507758,526,22062.8,2448,64.11796673612382
507758,527,22006.4,2448,63.95405946579018
507758,528,21981.5,2448,63.881696149632226
507758,529,21985.6,2448,63.89361139446144
507758,530,21898.0,2448,63.6390320171347
507758,531,21898.1,2448,63.639322632862246
507758,532,21938.7,2448,63.75731261824427
507758,533,22049.1,2448,64.07815238145058
507758,534,22075.5,2448,64.15487493352165
507758,535,21968.6,2448,63.84420672077932
507758,536,21956.2,2448,63.80817037056411
507758,537,21891.8,2448,63.621013842027104
507758,538,21918.9,2448,63.69977070419097
507758,539,21966.6,2448,63.838394406228474
507758,540,21981.6,2448,63.88198676535977
507758,541,21959.4,2448,63.81747007384546
507758,542,21957.2,2448,63.81107652783953
507758,543,22066.6,2448,64.12901013377041
507758,544,22048.9,2448,64.07757114999549
507758,545,22073.5,2448,64.14906261897082
507758,546,21981.8,2448,63.88256799681485
507758,547,22050.7,2448,64.08280223309126
507758,548,22004.9,2448,63.94970022987705
507758,549,21955.7,2448,63.806717291926404
507758,550,21910.0,2448,63.673905904439735
507758,551,21919.9,2448,63.7026768614664
507758,552,21936.5,2448,63.750919072238354
507758,553,21896.7,2448,63.63525401267666
507758,554,21941.9,2448,63.76661232152561
507758,555,21990.6,2448,63.90814218083853
507758,556,21974.2,2448,63.860481201521665
507758,557,22011.4,2448,63.968590252167274
507758,558,21964.9,2448,63.833453938860266
507758,559,21968.3,2448,63.84333487359669
507758,560,21896.6,2448,63.63496339694912
507758,561,21976.5,2448,63.867165363255125
507758,562,22058.3,2448,64.10488902838443
507758,563,22007.6,2448,63.95754685452067
507758,564,22062.0,2448,64.11564181030349
507758,565,22064.8,2448,64.12377905067466
507758,566,21949.2,2448,63.787827269636175
507758,567,21912.9,2448,63.682333760538455
507758,568,21970.0,2448,63.8482753409649
507758,569,22018.1,2448,63.98806150591257
507758,570,22008.6,2448,63.96045301179608
507758,571,21974.6,2448,63.86164366443183
507758,572,21962.2,2448,63.82560731421663
507758,573,21912.5,2448,63.68117129762828
507758,574,21994.1,2448,63.91831373130251
507758,575,22091.6,2448,64.2016640656559
507758,576,22000.8,2448,63.93778498504781
507758,577,21928.8,2448,63.72854166121762
507758,578,21822.9,2448,63.4207796057507
507758,579,21969.0,2448,63.845369183689485
507758,580,22013.2,2448,63.97382133526302
507758,581,21890.3,2448,63.616654606113975
507758,582,21891.0,2448,63.61868891620676
507758,583,22045.4,2448,64.06739959953153
507758,584,22014.6,2448,63.9778899554486
507758,585,21936.5,2448,63.750919072238354
507758,586,21913.8,2448,63.68494930208632
507758,587,21867.8,2448,63.55126606741704
507758,588,21867.0,2448,63.5489411415967
507758,589,22067.4,2448,64.13133505959077
507758,590,22002.1,2448,63.94156298950587
507758,591,22157.7,2448,64.39376106156114
507758,592,22089.2,2448,64.19468928819491
507758,593,22050.8,2448,64.0830928488188
507758,594,22038.6,2448,64.04763773005868
507758,595,21961.9,2448,63.824735467034
507758,596,21910.6,2448,63.67564959880499
507758,597,21914.8,2448,63.68785545936175
507758,598,22044.1,2448,64.06362159507349
507758,599,21930.1,2448,63.73231966567567
507758,600,21907.3,2448,63.6660592797961
507758,601,21908.8,2448,63.67041851570923
507758,602,21887.1,2448,63.60735490283263
507758,603,21947.7,2448,63.78346803372305
507758,604,21926.2,2448,63.72098565230153
507758,605,21930.7,2448,63.73406336004093
507758,606,21883.6,2448,63.59718335236865
507758,607,21876.9,2448,63.577712098623365
507758,608,21964.0,2448,63.830838397312384
507758,609,21945.8,2448,63.777946334899745
507758,610,21901.4,2448,63.64891295187114
507758,611,21542.8,2448,62.60676495290572
507758,612,21754.8,2448,63.22287029529464
507758,613,21954.7,2448,63.803811134650985
507758,614,21903.6,2448,63.65530649787704
507758,615,22047.4,2448,64.07321191408238
507758,616,22014.5,2448,63.977599339721074
507758,617,21952.2,2448,63.79654574146244
507758,618,21982.9,2448,63.88576476981781
507758,619,21960.6,2448,63.82095746257596
507758,620,21933.8,2448,63.74307244759471
507758,621,21915.7,2448,63.690471000909625
507758,622,21880.8,2448,63.58904611199749
507758,623,21989.5,2448,63.904945407835584
507758,624,22094.2,2448,64.209220074572
507758,625,22031.1,2448,64.02584155049303
507758,626,22036.3,2448,64.04095356832521
507758,627,22109.3,2448,64.25310304943082
507758,628,21954.7,2448,63.803811134650985
507758,629,21987.0,2448,63.89768001464702
507758,630,22019.3,2448,63.991548894643074
507758,631,21981.9,2448,63.8828586125424
507758,632,22034.4,2448,64.03543186950192
507758,633,21914.6,2448,63.68727422790666
507758,634,21939.5,2448,63.75963754406461
507758,635,21974.0,2448,63.85989997006658
507758,636,22001.2,2448,63.938947447957986
507758,637,21911.0,2448,63.676812061715154
507758,638,21926.4,2448,63.721566883756616
507758,639,21868.6,2448,63.553590993237364
507758,640,21871.5,2448,63.56201884933609
507758,641,21890.0,2448,63.615782758931346
507758,642,21976.5,2448,63.867165363255125
507758,643,21942.2,2448,63.76748416870824
507758,644,22003.8,2448,63.94650345687407
507758,645,21871.0,2448,63.56056577069838
507758,646,21875.6,2448,63.57393409416531
507758,647,21989.5,2448,63.904945407835584
507758,648,21949.1,2448,63.787536653908624
507758,649,21849.7,2448,63.49866462073195
507758,650,22003.0,2448,63.944178531053744
507758,651,21990.7,2448,63.90843279656608
507758,652,22012.9,2448,63.9729494880804
507758,653,21905.1,2448,63.65966573379017
507758,654,21912.2,2448,63.680299450445666
507758,655,22029.6,2448,64.0214823145799
507758,656,22081.8,2448,64.17318372435679
507758,657,22001.6,2448,63.94010991086816
507758,658,22057.7,2448,64.10314533401919
507758,659,22006.5,2448,63.95435008151771
507758,660,21894.4,2448,63.628569850943194
507758,661,21866.8,2448,63.548359910141606
507758,662,22004.5,2448,63.94853776696687
507758,663,21978.7,2448,63.87355890926105
507758,664,22027.8,2448,64.01625123148415
507758,665,22006.9,2448,63.95551254442789
507758,666,21953.3,2448,63.7997425144654
507758,667,21882.4,2448,63.59369596363816
507758,668,21866.2,2448,63.54661621577637
507758,669,21868.7,2448,63.553881608964915
507758,670,21920.9,2448,63.70558301874182
507758,671,21913.9,2448,63.68523991781388
507758,672,21880.8,2448,63.58904611199749
507758,673,21978.3,2448,63.87239644635088
507758,674,22066.6,2448,64.12901013377041
507758,675,22000.8,2448,63.93778498504781
507758,676,21967.9,2448,63.84217241068652
507758,677,21925.8,2448,63.71982318939136
507758,678,21897.1,2448,63.63641647558682
507758,679,21973.2,2448,63.85757504424625
507758,680,22021.2,2448,63.997070593466375
507758,681,22017.1,2448,63.98515534863716
507758,682,21917.6,2448,63.695992699732926
507758,683,21874.5,2448,63.57073732116235
507758,684,21946.5,2448,63.77998064499255
507758,685,21995.0,2448,63.92092927285039
507758,686,21970.6,2448,63.85001903533014
507758,687,21944.7,2448,63.77474956189679
507758,688,21901.5,2448,63.64920356759867
507758,689,21983.1,2448,63.8863460012729
507758,690,21980.3,2448,63.87820876090172
507758,691,21947.7,2448,63.78346803372305
507758,692,21905.1,2448,63.65966573379017
507758,693,21877.6,2448,63.57974640871614
507758,694,21938.0,2448,63.75527830815148
507758,695,21900.8,2448,63.64716925750588
507758,696,21865.8,2448,63.545453752866194
507758,697,21847.9,2448,63.4934335376362
507758,698,21796.1,2448,63.34289459076946
507758,699,21783.6,2448,63.30656762482672
507758,700,21743.1,2448,63.188868255172224
507758,701,21703.4,2448,63.07349381133809
507758,702,21660.1,2448,62.947657201312424
507758,703,21641.0,2448,62.8921495973519
507758,704,21616.5,2448,62.82094874410412
507758,705,21601.9,2448,62.77851884788301
507758,706,21560.7,2448,62.65878516813573
507758,707,21523.0,2448,62.54922303885242
507758,708,21484.1,2448,62.436173520838594
507758,709,21464.9,2448,62.38037530115055
507758,710,21439.7,2448,62.30714013780999
507758,711,21399.4,2448,62.19002199961057
507758,712,21375.4,2448,62.120274225000514
507758,713,21342.5,2448,62.02466165063921
507758,714,21310.0,2448,61.93021153918808
507758,715,21272.8,2448,61.82210248854248
507758,716,21239.7,2448,61.72590868272609
507758,717,21214.4,2448,61.65238290365798
507758,718,21198.8,2448,61.60704685016144
507758,719,21164.4,2448,61.507075039887006
507758,720,21131.9,2448,61.41262492843589
507758,721,20979.9,2448,60.97088902257212
507758,722,20925.5,2448,60.81279406678931
507758,723,20863.0,2448,60.63115923707559
507758,724,20853.3,2448,60.60296951150402
507758,725,20832.4,2448,60.542230824447756
507758,726,20799.8,2448,60.447490097269075
507758,727,20789.5,2448,60.417556677332264
507758,728,20744.5,2448,60.28677959993839
507758,729,20726.1,2448,60.23330630607067
507758,730,20700.0,2448,60.15745560118223
507758,731,20662.9,2448,60.04963716626416
507758,732,20624.9,2448,59.93920318979823
507758,733,20584.8,2448,59.8226662830539
507758,734,20556.8,2448,59.74129387934216
507758,735,20538.4,2448,59.687820585474455
507758,736,20505.5,2448,59.592208011113144
507758,737,20478.7,2448,59.5143229961319
507758,738,20445.2,2448,59.41696672740535
507758,739,20429.4,2448,59.371049442453725
507758,740,20410.4,2448,59.31583245422077
507758,741,20383.1,2448,59.23649436060181
507758,742,20330.0,2448,59.08217740927703
507758,743,20300.4,2448,58.99615515392462
507758,744,20271.9,2448,58.91332967157518
507758,745,20236.7,2448,58.811032935480405
507758,746,20209.4,2448,58.73169484186146
507758,747,20178.8,2448,58.64276642923362
507758,748,20147.3,2448,58.5512224750579
507758,749,20121.9,2448,58.47740608026225
507758,750,20102.8,2448,58.421898476301735
507758,751,20072.6,2448,58.334132526584064
507758,752,20029.6,2448,58.209167763741036
507758,753,20000.2,2448,58.123726739843704
507758,754,19963.1,2448,58.01590830492564
507758,755,19940.9,2448,57.951391613411346
507758,756,19921.9,2448,57.89617462517837
507758,757,19903.7,2448,57.84328256276573
507758,758,19867.2,2448,57.73720782221292
507758,759,19854.5,2448,57.7002996248151
507758,760,19994.1,2448,58.10599918046365
507758,761,19827.5,2448,57.621833378378774
507758,762,19768.8,2448,57.45124194631165
507758,763,19739.1,2448,57.364929075231686
507758,764,19706.5,2448,57.27018834805301
507758,765,19703.7,2448,57.26205110768185
507758,766,19677.9,2448,57.187072249976026
507758,767,19645.2,2448,57.09204090706981
507758,768,19655.4,2448,57.12168371127909
507758,769,19708.8,2448,57.276872509786486
507758,770,19684.9,2448,57.20741535090397
507758,771,19655.7,2448,57.12255555846171
507758,772,19617.7,2448,57.01212158199577
507758,773,19605.5,2448,56.97666646323566
507758,774,19591.8,2448,56.93685210856241
507758,775,19551.7,2448,56.82031520181809
507758,776,19593.9,2448,56.94295503884079
507758,777,19566.3,2448,56.862745098039206
507758,778,19527.7,2448,56.750567427208026
507758,779,19550.6,2448,56.81711842881513
507758,780,19542.5,2448,56.793578554884235
507758,781,19513.9,2448,56.71046245680725
507758,782,19508.3,2448,56.69418797606488
507758,783,19556.1,2448,56.83310229382993
507758,784,19571.3,2448,56.87727588441631
507758,785,19562.7,2448,56.852282931847704
507758,786,19532.3,2448,56.76393575067495
507758,787,19482.8,2448,56.620080965541696
507758,788,19460.9,2448,56.55643612121002
507758,789,19442.0,2448,56.50150974870458
507758,790,19479.0,2448,56.6090375678951
507758,791,19518.5,2448,56.72383078027417
507758,792,19500.7,2448,56.67210118077171
507758,793,19479.3,2448,56.609909415077716
507758,794,19442.1,2448,56.50180036443212
507758,795,19430.5,2448,56.468088940037255
507758,796,19395.9,2448,56.36753589830774
507758,797,19367.7,2448,56.28558226314092
507758,798,19359.4,2448,56.26146115775494
507758,799,19303.4,2448,56.09871635033145
507758,800,19308.0,2448,56.11208467379838
507758,801,19292.6,2448,56.06732985175692
507758,802,19178.3,2448,55.73515607517648
507758,803,19244.0,2448,55.926090608171535
507758,804,19208.1,2448,55.82175956198397
507758,805,19209.5,2448,55.82582818216955
507758,806,19290.8,2448,56.062098768661166
507758,807,19244.4,2448,55.92725307108171
507758,808,19176.2,2448,55.729053144898096
507758,809,19188.4,2448,55.764508263658215
507758,810,19229.3,2448,55.88337009622286
507758,811,19283.0,2448,56.03943074191289
507758,812,19267.7,2448,55.99496653559898
507758,813,19248.3,2448,55.93858708445584
507758,814,19357.9,2448,56.25710192184181
507758,815,19337.9,2448,56.19897877633342
507758,816,19308.8,2448,56.1144095996187
507758,817,19284.2,2448,56.0429181306434
507758,818,19250.2,2448,55.944108783279134
507758,819,19214.5,2448,55.84035896854666
507758,820,19180.4,2448,55.741259005454864
507758,821,19189.7,2448,55.76828626811626
507758,822,19208.4,2448,55.822631409166604
507758,823,19173.1,2448,55.72004405734429
507758,824,19128.4,2448,55.59013882713305
507758,825,19118.1,2448,55.56020540719622
507758,826,19098.4,2448,55.50295410887047
507758,827,19099.6,2448,55.50644149760097
507758,828,19088.9,2448,55.47534561475399
507758,829,19173.4,2448,55.72091590452692
507758,830,19129.5,2448,55.59333560013601
507758,831,19104.9,2448,55.52184413116069
507758,832,19100.8,2448,55.50992888633147
507758,833,19058.1,2448,55.38583597067106
507758,834,19045.2,2448,55.34834654181815
507758,835,19012.8,2448,55.25418704609456
507758,836,19099.3,2448,55.505569650418344
507758,837,19081.2,2448,55.45296820373325
507758,838,19051.8,2448,55.36752717983592
507758,839,19039.7,2448,55.33236267680334
507758,840,19008.5,2448,55.24169056981027
507758,841,18987.1,2448,55.17949880411627
507758,842,18962.2,2448,55.10713548795834
507758,843,18937.5,2448,55.03535340325548
507758,844,18985.4,2448,55.17455833674808
507758,845,18937.9,2448,55.03651586616565
507758,846,18931.6,2448,55.0182070753305
507758,847,18905.2,2448,54.94148452325943
507758,848,18880.0,2448,54.86824935991886
507758,849,18885.9,2448,54.88539568784385
507758,850,18862.8,2448,54.81826345478164
507758,851,18917.4,2448,54.976939642019545
507758,852,18910.0,2448,54.95543407818144
507758,853,18896.7,2448,54.91678218641837
507758,854,18867.2,2448,54.83105054679349
507758,855,18830.6,2448,54.724685190513135
507758,856,18753.9,2448,54.50178292748848
507758,857,18749.8,2448,54.48986768265925
507758,858,18639.5,2448,54.169318535180494
507758,859,18638.1,2448,54.16524991499489
507758,860,18612.5,2448,54.09085228874416
507758,861,18580.3,2448,53.99727402447565
507758,862,18549.0,2448,53.906311301755025
507758,863,18516.2,2448,53.81098934312127
507758,864,18488.3,2448,53.72990755513707
507758,865,18468.0,2448,53.670912562446055
507758,866,18434.8,2448,53.57442814090213
507758,867,18414.7,2448,53.516014379666196
507758,868,18382.6,2448,53.42272673112524
507758,869,18327.8,2448,53.26346931243225
507758,870,18331.3,2448,53.273640862896215
507758,871,18298.3,2448,53.17773767280737
507758,872,18275.4,2448,53.11118667120027
507758,873,18255.3,2448,53.05277290996433
507758,874,18222.7,2448,52.958032182785665
507758,875,18196.4,2448,52.88160024644214
507758,876,18169.1,2448,52.80226215282319
507758,877,18141.6,2448,52.722342827749145
507758,878,18113.2,2448,52.63980796112724
507758,879,18075.7,2448,52.530827063299014
507758,880,18049.6,2448,52.454976358410555
507758,881,18030.9,2448,52.40063121736023
507758,882,18020.6,2448,52.37069779742339
507758,883,18018.7,2448,52.3651760986001
507758,884,17995.4,2448,52.297462634082834
507758,885,17947.7,2448,52.15883893204533
507758,886,17817.2,2448,51.779585407603086
507758,887,17809.9,2448,51.75837045949253
507758,888,17786.0,2448,51.688913300610004
507758,889,17769.3,2448,51.640380474110486
507758,890,17741.4,2448,51.559298686126304
507758,891,17708.8,2448,51.46455795894762
507758,892,17672.2,2448,51.35819260266727
507758,893,17655.2,2448,51.30878792898514
507758,894,17619.8,2448,51.20590996143528
507758,895,17603.6,2448,51.158830213573495
507758,896,17568.6,2448,51.05711470893382
507758,897,17548.9,2448,50.99986341060806
507758,898,17524.1,2448,50.927790710177646
507758,899,17502.3,2448,50.8644364815735
507758,900,17493.1,2448,50.83769983463964
507758,901,17475.8,2448,50.787423313774894
507758,902,17462.6,2448,50.74906203773935
507758,903,17438.3,2448,50.678442415946655
507758,904,17413.4,2448,50.60607909978873
507758,905,17388.1,2448,50.5325533207206
507758,906,17356.6,2448,50.4410093665449
507758,907,17324.7,2448,50.34830294945902
507758,908,17303.6,2448,50.28698303094767
507758,909,17281.2,2448,50.22188510797828
507758,910,17254.3,2448,50.14370947726949
507758,911,17229.2,2448,50.07076492965647
507758,912,17203.6,2448,49.99636730340572
507758,913,17173.6,2448,49.909182585143135
507758,914,17160.1,2448,49.86994946192498
507758,915,17128.4,2448,49.77782427629419
507758,916,17092.5,2448,49.67349323010663
507758,917,17069.7,2448,49.60723284422706
507758,918,17046.5,2448,49.539809995437345
507758,919,17022.3,2448,49.46948098937217
507758,920,17003.1,2448,49.41368276968413
507758,921,16993.0,2448,49.38433058120239
507758,922,16967.3,2448,49.309642339224105
507758,923,16938.4,2448,49.22565439396449
507758,924,16918.7,2448,49.16840309563873
507758,925,16897.9,2448,49.10795502431001
507758,926,16868.6,2448,49.022804616140206
507758,927,16844.8,2448,48.953638072985235
507758,928,16820.9,2448,48.88418091410272
507758,929,16811.6,2448,48.85715365144131
507758,930,16787.6,2448,48.78740587683124
507758,931,16765.0,2448,48.721726722406764
507758,932,16742.9,2448,48.65750064662
507758,933,16712.2,2448,48.56828161826462
507758,934,16692.6,2448,48.5113209356664
507758,935,16658.5,2448,48.412220972574595
507758,936,16659.8,2448,48.415998977032636
507758,937,16641.6,2448,48.36310691462
507758,938,16617.9,2448,48.29423098719257
507758,939,16592.6,2448,48.22070520812444
507758,940,16568.8,2448,48.15153866496947
507758,941,16547.0,2448,48.088184436365324
507758,942,16524.0,2448,48.02134281903068
507758,943,16510.6,2448,47.98240031154006
507758,944,16496.1,2448,47.94026103104647
507758,945,16494.6,2448,47.93590179513334
507758,946,16478.3,2448,47.88853143154401
507758,947,16451.7,2448,47.81122764801786
507758,948,16420.3,2448,47.719974309569686
507758,949,16390.5,2448,47.63337082276219
507758,950,16374.4,2448,47.58658169062793
507758,951,16348.7,2448,47.51189344864965
507758,952,16332.1,2448,47.46365123787769
507758,953,16306.4,2448,47.38896299589941
507758,954,16286.0,2448,47.32967738748086
507758,955,16254.2,2448,47.237261586122514
507758,956,16235.2,2448,47.18204459788955
507758,957,16206.0,2448,47.0971848054473
507758,958,16188.3,2448,47.04574582167237
507758,959,16142.4,2448,46.91235320273063
507758,960,16143.6,2448,46.91584059146113
507758,961,16127.0,2448,46.86759838068917
507758,962,16102.0,2448,46.79494444880368
507758,963,16078.4,2448,46.72635913710377
507758,964,16057.0,2448,46.6641673714098
507758,965,16053.9,2448,46.655158283856004
507758,966,16057.8,2448,46.66649229723014
507758,967,16038.5,2448,46.61040346181455
507758,968,16011.9,2448,46.53309967828839
507758,969,15997.0,2448,46.48979793488464
507758,970,15995.1,2448,46.48427623606134
507758,971,15981.1,2448,46.44359003420547
507758,972,15928.3,2448,46.29014493006333
507758,973,15850.3,2448,46.06346466258061
507758,974,15831.1,2448,46.00766644289256
507758,975,15806.8,2448,45.93704682109986
507758,976,15803.7,2448,45.92803773354606
507758,977,15779.3,2448,45.85712749602583
507758,978,15752.0,2448,45.77778940240688
507758,979,15728.4,2448,45.70920409070698
507758,980,15703.8,2448,45.637712621731666
507758,981,15685.4,2448,45.58423932786395
507758,982,15663.3,2448,45.52001325207718
507758,983,15645.6,2448,45.468574268302255
507758,984,15619.9,2448,45.393886026323976
507758,985,15598.2,2448,45.33082241344737
507758,986,15589.8,2448,45.30641069233385
507758,987,15578.1,2448,45.27240865221144
507758,988,15544.2,2448,45.17388992057472
507758,989,15523.5,2448,45.11373246497354
507758,990,15505.8,2448,45.062293481198616
507758,991,15496.7,2448,45.035847449992296
507758,992,15483.1,2448,44.99632371104659
507758,993,15466.6,2448,44.948372116002176
507758,994,15452.6,2448,44.9076859141463
507758,995,15432.7,2448,44.84985338436545
507758,996,15407.4,2448,44.77632760529735
507758,997,15345.7,2448,44.59701770140396
507758,998,15256.8,2448,44.33866031961918
507758,999,15235.2,2448,44.27588732247012
507758,1000,15218.5,2448,44.227354495970616
507758,1001,15200.7,2448,44.17562489646815
507758,1002,15194.6,2448,44.15789733708809
507758,1003,15178.3,2448,44.11052697349875
507758,1004,15149.8,2448,44.0277014911493
507758,1005,15137.8,2448,43.99282760384426
507758,1006,15115.6,2448,43.928310912329955
507758,1007,15095.6,2448,43.870187766821566
507758,1008,15082.3,2448,43.831535875058485
507758,1009,15050.4,2448,43.73882945797261
507758,1010,15025.9,2448,43.66762860472483
507758,1011,15003.3,2448,43.60194945030035
507758,1012,14988.2,2448,43.55806647544152
507758,1013,14994.8,2448,43.577247113459286
507758,1014,14965.7,2448,43.49267793674458
507758,1015,14960.2,2448,43.476694071729774
507758,1016,14928.1,2448,43.38340642318881
507758,1017,14907.0,2448,43.32208650467746
507758,1018,14884.0,2448,43.25524488734281
507758,1019,14866.9,2448,43.20554959793314
507758,1020,14851.8,2448,43.16166662307431
507758,1021,14830.4,2448,43.09947485738033
507758,1022,14808.6,2448,43.03612062877619
507758,1023,14784.2,2448,42.96521039125595
507758,1024,14777.2,2448,42.94486729032802
507758,1025,14759.4,2448,42.893137690825554
507758,1026,14740.8,2448,42.83908316550275
507758,1027,14717.7,2448,42.77195093244056
507758,1028,14698.0,2448,42.7146996341148
507758,1029,14668.8,2448,42.62983984167255
507758,1030,14648.2,2448,42.569973001798914
507758,1031,14630.3,2448,42.517952786568905
507758,1032,14616.3,2448,42.47726658471303
507758,1033,14591.3,2448,42.404612652827545
507758,1034,14567.0,2448,42.33399303103485
507758,1035,14524.6,2448,42.21077196255707
507758,1036,14526.6,2448,42.216584277107906
507758,1037,14502.9,2448,42.14770834968047
507758,1038,14503.9,2448,42.15061450695589
507758,1039,14484.2,2448,42.09336320863012
507758,1040,14479.1,2448,42.078541806525486
507758,1041,14462.7,2448,42.030880827208605
507758,1042,14442.7,2448,41.972757681700216
507758,1043,14436.9,2448,41.95590196950278
507758,1044,14412.0,2448,41.88353865334484
507758,1045,14399.7,2448,41.84779291885718
507758,1046,14380.3,2448,41.791413467714044
507758,1047,10580.1,2448,30.747434589665122
507758,1048,0.395901,0,0.0
507758,1049,0.354707,0,0.0
507758,1050,0.0,0,0.0
507758,1051,0.0,0,0.0
507758,1052,0.0,1548,0.0
508073,1,0.250044,112,0.015882868576510195
508073,2,0.257692,112,0.016368671790637106
508073,3,0.241337,112,0.015329797370259798
508073,4,0.244042,112,0.015501619767515722
508073,5,0.240849,112,0.015298799466429525
508073,6,0.248778,112,0.01580245188337674
508073,7,0.249354,112,0.015839039573143615
508073,8,0.24459,112,0.015536428889030045
508073,9,0.237313,112,0.015074191704249508
508073,10,0.251623,112,0.01598316712189544
508073,11,0.258442,112,0.016416312011687733
508073,12,0.234127,112,0.01487181604522645
508073,13,0.239571,112,0.015217620529759258
508073,14,0.252404,112,0.01603277647208283
508073,15,0.254067,112,0.01613841072222575
508073,16,0.252633,112,0.016047322619576955
508073,17,0.25015,112,0.015889601727752018
508073,18,0.250729,112,0.0159263799784031
508073,19,0.252179,112,0.01601848440576764
508073,20,0.250054,112,0.015883503779457537
508073,21,0.246364,112,0.015649113891888458
508073,22,0.247029,112,0.01569135488788668
508073,23,0.246943,112,0.015685892142539543
508073,24,0.249708,112,0.015861525757479514
508073,25,0.245739,112,0.015609413707679605
508073,26,511.261,112,32.475449406085254
508073,27,1034.29,112,65.69840564060218
508073,28,984.028,112,62.50574858667344
508073,29,1046.7,112,66.48669249825319
508073,30,1245.76,112,79.13104236803659
508073,31,1293.6,112,82.16985326811916
508073,32,1293.87,112,82.18700374769737
508073,33,1291.62,112,82.0440830845455
508073,34,1314.22,112,83.4796417455377
508073,35,1424.35,112,90.47513180461158
508073,36,1519.7,112,96.53179190751445
508073,37,1538.88,112,97.75011116051579
508073,38,1520.09,112,96.55656482246077
508073,39,1469.34,112,93.33290986470176
508073,40,1511.59,112,96.01664231722035
508073,41,1536.85,112,97.62116496220541
508073,42,1539.68,112,97.80092739630314
508073,43,1517.94,112,96.41999618878232
508073,44,1496.68,112,95.06955472273391
508073,45,1492.95,112,94.83262402337547
508073,46,1469.5,112,93.34307311185924
508073,47,1481.42,112,94.10023502509053
508073,48,1493.09,112,94.84151686463825
508073,49,1495.87,112,95.01810328399922
508073,50,1433.67,112,91.06714095153401
508073,51,1445.24,112,91.80207076160833
508073,52,1727.3,112,109.71860509432764
508073,53,2044.24,112,129.8507273073747
508073,54,2086.49,112,132.53445975989328
508073,55,2080.96,112,132.18319253001334
508073,56,2081.77,112,132.234643968748
508073,57,2083.6,112,132.35088610811155
508073,58,2100.15,112,133.40214698596202
508073,59,2103.78,112,133.63272565584705
508073,60,2075.58,112,131.8414533443435
508073,61,2071.51,112,131.58292574477548
508073,62,2066.92,112,131.29136759194563
508073,63,2087.83,112,132.61957695483707
508073,64,2082.48,112,132.27974337800927
508073,65,2077.52,112,131.96468271612778
508073,66,2069.19,112,131.4355586609922
508073,67,2063.67,112,131.08492663405957
508073,68,2077.36,112,131.95451946897035
508073,69,2086.73,112,132.54970463062952
508073,70,2077.36,112,131.95451946897035
508073,71,2076.59,112,131.90560884202503
508073,72,2072.77,112,131.6629613161405
508073,73,2070.83,112,131.53973194435622
508073,74,2064.14,112,131.11478117258463
508073,75,2065.3,112,131.18846471447628
508073,76,2064.06,112,131.1096995490059
508073,77,2075.07,112,131.8090579940291
508073,78,2076.97,112,131.92974655402398
508073,79,2077.93,112,131.99072603696882
508073,80,2072.77,112,131.6629613161405
508073,81,2092.18,112,132.8958902369307
508073,82,2092.75,112,132.9320968049292
508073,83,2082.18,112,132.260687289589
508073,84,2074.47,112,131.7709458171886
508073,85,2070.85,112,131.5410023502509
508073,86,2076.88,112,131.92402972749792
508073,87,2077.0,112,131.93165216286604
508073,88,2071.37,112,131.57403290351266
508073,89,2075.99,112,131.86749666518452
508073,90,2073.88,112,131.73346884329544
508073,91,2072.2,112,131.62675474814202
508073,92,2064.14,112,131.11478117258463
508073,93,2062.89,112,131.03538080416692
508073,94,2058.11,112,130.73175379533762
508073,95,2100.95,112,133.45296322174931
508073,96,2125.66,112,135.02254970463062
508073,97,2069.78,112,131.47303563488535
508073,98,2069.19,112,131.4355586609922
508073,99,2073.54,112,131.7118719430858
508073,100,2073.37,112,131.70107349298098
508073,101,2083.36,112,132.33564123737537
508073,102,2076.56,112,131.90370323318297
508073,103,2079.87,112,132.1139554087531
508073,104,2083.6,112,132.35088610811155
508073,105,2082.19,112,132.26132249253638
508073,106,2071.85,112,131.60452264498508
508073,107,2072.78,112,131.66359651908786
508073,108,2090.85,112,132.81140824493426
508073,109,2079.29,112,132.0771136378073
508073,110,2075.23,112,131.81922124118657
508073,111,2079.51,112,132.09108810264883
508073,112,2082.89,112,132.30578669885028
508073,113,2080.38,112,132.14635075906753
508073,114,2073.96,112,131.73855046687416
508073,115,2068.59,112,131.3974464841517
508073,116,2070.79,112,131.53719113256685
508073,117,2077.97,112,131.99326684875817
508073,118,2083.11,112,132.3197611636918
508073,119,2073.67,112,131.72012958140127
508073,120,2060.16,112,130.86197039954263
508073,121,2072.55,112,131.648986851299
508073,122,2079.18,112,132.07012640538653
508073,123,2070.86,112,131.54163755319826
508073,124,2071.64,112,131.5911833830909
508073,125,2072.56,112,131.64962205424632
508073,126,2072.68,112,131.6572444896144
508073,127,2075.43,112,131.8319253001334
508073,128,2080.13,112,132.13047068538398
508073,129,2077.43,112,131.9589658896017
508073,130,2073.89,112,131.73410404624278
508073,131,2072.01,112,131.61468589214255
508073,132,2073.4,112,131.70297910182302
508073,133,2066.81,112,131.28438035952487
508073,134,2064.3,112,131.12494441974212
508073,135,2077.13,112,131.93990980118147
508073,136,2064.38,112,131.13002604332087
508073,137,2093.83,112,133.00069872324207
508073,138,2100.35,112,133.41485104490883
508073,139,2092.22,112,132.89843104872006
508073,140,2066.36,112,131.2557962268945
508073,141,2067.49,112,131.3275741599441
508073,142,2066.32,112,131.25325541510512
508073,143,2069.74,112,131.47049482309598
508073,144,2079.82,112,132.11077939401642
508073,145,2072.23,112,131.62866035698408
508073,146,2072.81,112,131.66550212792987
508073,147,2068.92,112,131.41840818141395
508073,148,2067.68,112,131.33964301594358
508073,149,2083.81,112,132.36422537000573
508073,150,2078.1,112,132.00152448707362
508073,151,2079.48,112,132.0891824938068
508073,152,2077.95,112,131.9919964428635
508073,153,2063.75,112,131.09000825763835
508073,154,2068.05,112,131.36314552499525
508073,155,2057.84,112,130.71460331575938
508073,156,2067.52,112,131.32947976878611
508073,157,2073.91,112,131.73537445213742
508073,158,2073.42,112,131.70424950771772
508073,159,2087.05,112,132.57003112494442
508073,160,2080.24,112,132.13745791780474
508073,161,2075.51,112,131.83700692371215
508073,162,2078.8,112,132.04598869338756
508073,163,2082.89,112,132.30578669885028
508073,164,2079.12,112,132.06631518770246
508073,165,2070.84,112,131.54036714730356
508073,166,2065.34,112,131.19100552626566
508073,167,2077.61,112,131.97039954265387
508073,168,2077.48,112,131.96214190433844
508073,169,2075.66,112,131.84653496792225
508073,170,2070.08,112,131.4920917233056
508073,171,2075.57,112,131.8408181413962
508073,172,2079.04,112,132.06123356412374
508073,173,2074.04,112,131.7436320904529
508073,174,2067.17,112,131.30724766562918
508073,175,2065.36,112,131.19227593216033
508073,176,2070.63,112,131.52702788540938
508073,177,2080.52,112,132.1552436003303
508073,178,2076.49,112,131.89925681255158
508073,179,2071.84,112,131.60388744203775
508073,180,2072.42,112,131.64072921298356
508073,181,2086.61,112,132.5420821952614
508073,182,2070.65,112,131.52829829130408
508073,183,2085.52,112,132.47284507400116
508073,184,2077.84,112,131.98500921044274
508073,185,2070.54,112,131.52131105888333
508073,186,2061.6,112,130.95343962395987
508073,187,2082.48,112,132.27974337800927
508073,188,2090.24,112,132.77266086514638
508073,189,2086.93,112,132.5624086895763
508073,190,2087.23,112,132.58146477799656
508073,191,2080.33,112,132.14317474433082
508073,192,2080.9,112,132.17938131232933
508073,193,2071.6,112,131.58864257130153
508073,194,2067.29,112,131.31487010099727
508073,195,2092.74,112,132.93146160198182
508073,196,2081.18,112,132.19716699485483
508073,197,2074.86,112,131.79571873213493
508073,198,2071.12,112,131.55815282982914
508073,199,2066.52,112,131.26595947405195
508073,200,2072.53,112,131.6477164454043
508073,201,2082.22,112,132.2632281013784
508073,202,2072.77,112,131.6629613161405
508073,203,2073.19,112,131.68963983992884
508073,204,2072.02,112,131.6153210950899
508073,205,2081.59,112,132.2232103156959
508073,206,2083.59,112,132.3502509051642
508073,207,2074.6,112,131.77920345550402
508073,208,2071.32,112,131.57085688877595
508073,209,2064.44,112,131.1338372610049
508073,210,2060.32,112,130.87213364670015
508073,211,2075.07,112,131.8090579940291
508073,212,2092.47,112,132.91431112240357
508073,213,2187.44,112,138.9468335133075
508073,214,2261.55,112,143.65432255605666
508073,215,2199.33,112,139.70208981769673
508073,216,2190.17,112,139.1202439179318
508073,217,2189.38,112,139.0700628850918
508073,218,2185.32,112,138.81217048847108
508073,219,2191.9,112,139.2301340278219
508073,220,2204.28,112,140.0165152766309
508073,221,2199.38,112,139.70526583243347
508073,222,2196.98,112,139.55281712507147
508073,223,2193.96,112,139.3609858349743
508073,224,2255.47,112,143.2681191640729
508073,225,2341.05,112,148.704185987423
508073,226,2352.58,112,149.43657498570792
508073,227,2349.78,112,149.25871816045228
508073,228,2350.14,112,149.28158546655655
508073,229,2348.05,112,149.14882805056217
508073,230,2355.52,112,149.6233246522264
508073,231,2355.43,112,149.61760782570028
508073,232,2351.31,112,149.3559042113955
508073,233,2346.37,112,149.04211395540875
508073,234,2319.05,112,147.30673950327133
508073,235,2331.24,112,148.08105189608077
508073,236,2321.57,112,147.46681064600142
508073,237,2323.33,112,147.57860636473353
508073,238,2280.09,112,144.83198882042814
508073,239,2272.15,112,144.32763768023884
508073,240,2263.17,112,143.757225433526
508073,241,2158.79,112,137.1269770691736
508073,242,2278.1,112,144.70558343390712
508073,243,2233.19,112,141.85288699739567
508073,244,2310.93,112,146.79095471002987
508073,245,2311.97,112,146.85701581655337
508073,246,2306.89,112,146.5343327193038
508073,247,2301.88,112,146.21609604268565
508073,248,2299.63,112,146.07317537953375
508073,249,2296.8,112,145.89341294543607
508073,250,2322.06,112,147.49793559042115
508073,251,2372.04,112,150.67267992123485
508073,252,2393.12,112,152.01168773423106
508073,253,2413.39,112,153.29924410849264
508073,254,2362.87,112,150.0901988185225
508073,255,2352.15,112,149.40926125897224
508073,256,2352.83,112,149.45245505939147
508073,257,2361.1,112,149.97776789684303
508073,258,2356.14,112,149.66270723496157
508073,259,2355.75,112,149.63793432001523
508073,260,2351.22,112,149.35018738486943
508073,261,2349.76,112,149.2574477545576
508073,262,2354.16,112,149.5369370513879
508073,263,2362.43,112,150.06224988883946
508073,264,2360.0,112,149.90789557263545
508073,265,2356.04,112,149.65635520548815
508073,266,2357.31,112,149.73702597980053
508073,267,2360.56,112,149.9434669376866
508073,268,2354.43,112,149.55408753096611
508073,269,2353.33,112,149.48421520675856
508073,270,2347.67,112,149.12469033856317
508073,271,2359.72,112,149.8901098901099
508073,272,2355.55,112,149.62523026106842
508073,273,2349.16,112,149.2193355777171
508073,274,2351.61,112,149.3749602998158
508073,275,2359.3,112,149.86343136632155
508073,276,2354.55,112,149.56170996633423
508073,277,2405.26,112,152.78282411230387
508073,278,2363.91,112,150.15625992504602
508073,279,2357.79,112,149.76751572127296
508073,280,2356.93,112,149.71288826780153
508073,281,2350.81,112,149.32414406402845
508073,282,2364.65,112,150.20326494314935
508073,283,2367.71,112,150.3976370450359
508073,284,2361.25,112,149.98729594105316
508073,285,2356.72,112,149.69954900590736
508073,286,2350.53,112,149.3063583815029
508073,287,2352.04,112,149.40227402655148
508073,288,2366.53,112,150.32268309724958
508073,289,2360.34,112,149.92949247284508
508073,290,2351.58,112,149.37305469097373
508073,291,2345.68,112,148.99828495204216
508073,292,2358.11,112,149.7878422155879
508073,293,2357.12,112,149.72495712380106
508073,294,2353.38,112,149.48739122149527
508073,295,2348.56,112,149.18122340087658
508073,296,2348.63,112,149.185669821508
508073,297,2345.62,112,148.99447373435814
508073,298,2333.51,112,148.2252429651274
508073,299,2337.8,112,148.49774502953693
508073,300,2332.42,112,148.15600584386712
508073,301,2329.0,112,147.93876643587626
508073,302,2321.69,112,147.4744330813695
508073,303,2345.06,112,148.958902369307
508073,304,2364.86,112,150.21660420504352
508073,305,2357.76,112,149.76561011243095
508073,306,2353.75,112,149.51089373054688
508073,307,2346.85,112,149.07260369688115
508073,308,2341.36,112,148.7238772787906
508073,309,2342.6,112,148.80264244426095
508073,310,2340.09,112,148.64320650447817
508073,311,2335.59,112,148.35736517817446
508073,312,2331.75,112,148.11344724639522
508073,313,2331.61,112,148.10455440513243
508073,314,2329.82,112,147.9908530775583
508073,315,2327.04,112,147.81426665819728
508073,316,2324.71,112,147.6662643714667
508073,317,2323.02,112,147.55891507336594
508073,318,2317.82,112,147.2286095407483
508073,319,2317.17,112,147.18732134917107
508073,320,2314.09,112,146.99167884138984
508073,321,2310.63,112,146.7718986216096
508073,322,2310.55,112,146.76681699803086
508073,323,2308.15,112,146.61436829066886
508073,324,2306.53,112,146.51146541319955
508073,325,2303.24,112,146.30248364352408
508073,326,2299.02,112,146.03442799974593
508073,327,2296.42,112,145.8692752334371
508073,328,2292.56,112,145.62408689576318
508073,329,2289.03,112,145.3998602553516
508073,330,2288.69,112,145.37826335514197
508073,331,2285.25,112,145.15975354125644
508073,332,2284.85,112,145.13434542336276
508073,333,2282.13,112,144.96157022168583
508073,334,2280.96,112,144.88725147684684
508073,335,2280.14,112,144.83516483516485
508073,336,2274.71,112,144.49024963475833
508073,337,2273.11,112,144.38861716318362
508073,338,2255.98,112,143.30051451438734
508073,339,2257.98,112,143.4275551038557
508073,340,2256.93,112,143.36085879438477
508073,341,2256.11,112,143.3087721527028
508073,342,2252.66,112,143.08962713586988
508073,343,2253.2,112,143.12392809502634
508073,344,2249.65,112,142.89843104872006
508073,345,2241.51,112,142.38137584958397
508073,346,2241.5,112,142.3807406466366
508073,347,2240.04,112,142.28800101632473
508073,348,2238.73,112,142.20478943022295
508073,349,2235.56,112,142.00343009591563
508073,350,2231.48,112,141.74426729340024
508073,351,2229.8,112,141.63755319824685
508073,352,2228.0,112,141.52321666772536
508073,353,2224.57,112,141.30534205678717
508073,354,2223.4,112,141.23102331194818
508073,355,2220.12,112,141.0226767452201
508073,356,2214.66,112,140.67585593597155
508073,357,2212.38,112,140.53102966397765
508073,358,2212.35,112,140.5291240551356
508073,359,2212.01,112,140.507527154926
508073,360,646.927,112,41.09299371149082
508073,361,0.271306,0,0.0
508073,362,0.266785,0,0.0
508073,363,0.27292,0,0.0
508073,364,0.0,0,0.0
508073,365,0.264799,0,0.0
508073,366,0.0,0,0.0
509891,1,6.27082,96,0.4647117237290648
509891,2,6.2972,96,0.4666666666666667
509891,3,6.27705,96,0.4651734104046243
509891,4,6.24551,96,0.4628360752927227
509891,5,6.24914,96,0.46310508374092185
509891,6,6.24824,96,0.46303838743145104
509891,7,6.32333,144,0.3124020552344252
509891,8,6.27494,144,0.31001136307494687
509891,9,6.27516,144,0.31002223210315694
509891,10,6.26346,144,0.30944419742107604
509891,11,6.27884,0,0.0
509891,12,6.30419,0,0.0
509891,13,6.29145,0,0.0
509891,14,6.29366,0,0.0
509891,15,6.24282,0,0.0
509891,16,6.28371,0,0.0
509891,17,6.31763,0,0.0
509891,18,6.26889,0,0.0
509891,19,6.18762,0,0.0
509891,20,6.28191,0,0.0
509891,21,6.30816,0,0.0
509891,22,6.33072,0,0.0
509891,23,6.32036,0,0.0
509891,24,6.33136,0,0.0
509891,25,6.31327,0,0.0
509891,26,6.30711,0,0.0
509891,27,6.29414,0,0.0
509891,28,6.2729,0,0.0
509891,29,6.29004,0,0.0
509891,30,6.25163,0,0.0
509891,31,6.2681,48,0.9290203053208832
509891,32,6.26334,0,0.0
509891,33,6.24197,0,0.0
509891,34,6.26354,0,0.0
509891,35,6.30512,0,0.0
509891,36,6.23401,0,0.0
509891,37,6.21059,0,0.0
509891,38,6.25418,0,0.0
509891,39,6.26227,0,0.0
509891,40,6.24868,0,0.0
509891,41,6.22773,0,0.0
509891,42,6.25971,0,0.0
509891,43,6.22821,0,0.0
509891,44,6.27138,0,0.0
509891,45,6.25432,0,0.0
509891,46,6.26882,0,0.0
509891,47,6.25901,0,0.0
509891,48,6.24677,0,0.0
509891,49,6.25488,0,0.0
509891,50,6.26184,0,0.0
509891,51,6.21911,0,0.0
509891,52,6.24148,0,0.0
509891,53,6.23059,0,0.0
509891,54,6.22611,0,0.0
509891,55,6.22297,0,0.0
509891,56,6.19782,0,0.0
509891,57,6.21536,48,0.9212034978508968
509891,58,6.20274,48,0.9193330369052912
509891,59,6.24147,96,0.46253668297020895
509891,60,6.1954,96,0.4591225729954054
509891,61,6.24674,144,0.3086181512771108
509891,62,6.22659,144,0.3076226471024159
509891,63,6.18707,144,0.30567017439849814
509891,64,6.23181,144,0.3078805394990366
509891,65,6.20721,144,0.30666518452645614
509891,66,6.21754,144,0.30717553480559256
509891,67,6.25261,144,0.3089081567116249
509891,68,0.257819,144,0.01273746356405316
509891,69,0.256153,144,0.012655155377698731
509891,70,0.262897,144,0.012988340497011017
509891,71,0.263015,144,0.012994170248505509
509891,72,0.260338,144,0.012861913937058449
509891,73,0.258423,144,0.012767303986957168
509891,74,0.252428,144,0.012471122968232794
509891,75,0.262232,144,0.012955486389012404
509891,76,0.263889,144,0.01303734993330369
509891,77,0.262816,144,0.012984338718442763
509891,78,0.32811,144,0.01621016748184378
509891,79,0.326509,144,0.016131070599278693
509891,80,0.326203,144,0.016115952769131962
509891,81,0.331302,144,0.016367867200237144
509891,82,0.329535,144,0.01628056914184082
509891,83,0.329667,144,0.01628709055876686
509891,84,0.331914,144,0.016398102860530606
509891,85,0.33187,144,0.016395929054888594
509891,86,0.336107,144,0.016605256657279778
509891,87,0.331572,144,0.016381206462131318
509891,88,0.330656,144,0.01633595178103849
509891,89,0.332027,144,0.01640368558865669
509891,90,0.327461,144,0.01617810384862408
509891,91,0.340024,144,0.01679877476409268
509891,92,0.328442,144,0.01622656983350625
509891,93,0.329666,144,0.016287041154093178
509891,94,0.33603,144,0.016601452497406254
509891,95,0.328834,144,0.016245936465589646
509891,96,0.328634,144,0.016236055530853218
509891,97,0.3508,144,0.01733115952769132
509891,98,0.334708,144,0.01653613951879848
509891,99,0.333893,144,0.016495874709747543
509891,100,0.324689,144,0.016041154093177218
509891,101,0.331372,144,0.016371325527394894
509891,102,0.331097,144,0.016357739242132303
509891,103,0.332351,144,0.016419692702929697
509891,104,0.331519,144,0.016378588014426165
509891,105,5.39849,144,0.26671063682624374
509891,106,1132.97,144,55.9740131416432
509891,107,1192.37,144,58.90865075836174
509891,108,1197.29,144,59.15172175287782
509891,109,1183.0,144,58.44572896596018
509891,110,1298.92,144,64.17271873919273
509891,111,1349.82,144,66.68741662961317
509891,112,1348.84,144,66.63900004940466
509891,113,1346.14,144,66.50560743046293
509891,114,1344.83,144,66.44088730793933
509891,115,1341.04,144,66.25364359468406
509891,116,1338.75,144,66.14050689195199
509891,117,1336.57,144,66.03280470332493
509891,118,1332.34,144,65.82382293364951
509891,119,1331.33,144,65.77392421323056
509891,120,1327.95,144,65.60693641618496
509891,121,1325.51,144,65.48638901240058
509891,122,1324.03,144,65.41327009535102
509891,123,1322.65,144,65.34509164566968
509891,124,1322.06,144,65.31594288819723
509891,125,1333.37,144,65.87470974754211
509891,126,1432.5,144,70.7721950496517
509891,127,1504.46,144,74.3273553678178
509891,128,1473.22,144,72.78395336198804
509891,129,1374.91,144,67.92697989229781
509891,130,1369.07,144,67.63845659799416
509891,131,1379.59,144,68.15819376513018
509891,132,1356.37,144,67.0110172422311
509891,133,1357.76,144,67.07968973864928
509891,134,1345.78,144,66.48782174793736
509891,135,1334.13,144,65.91225729954054
509891,136,1321.53,144,65.28975841114568
509891,137,1230.6,144,60.797391433229585
509891,138,1236.18,144,61.073069512375874
509891,139,1231.09,144,60.821599723333826
509891,140,1171.95,144,57.89980732177264
509891,141,1164.77,144,57.545081764734945
509891,142,1148.24,144,56.72842250876933
509891,143,1101.16,144,54.402450471814646
509891,144,1080.82,144,53.39755940912009
509891,145,1017.61,144,50.27468998567264
509891,146,934.598,144,46.17350921397164
509891,147,890.078,144,43.9740131416432
509891,148,849.745,144,41.98137443802184
509891,149,761.561,144,37.62467269403685
509891,150,667.547,144,32.97994170248506
509891,151,668.838,144,33.04372313620868
509891,152,590.591,144,29.177955634603034
509891,153,567.178,144,28.021244009683315
509891,154,1230.62,144,60.798379526703215
509891,155,2480.0,144,122.52359073168321
509891,156,2844.08,144,140.51084432587322
509891,157,2895.75,144,143.0635838150289
509891,158,2928.06,144,144.65984882169855
509891,159,2930.81,144,144.7957116743244
509891,160,2927.8,144,144.6470036065412
509891,161,2949.93,144,145.7403290351267
509891,162,3003.71,144,148.3973123857517
509891,163,3032.71,144,149.83004792253348
509891,164,3024.21,144,149.41010819623537
509891,165,3019.38,144,149.17148362235068
509891,166,3011.87,144,148.80045452299788
509891,167,3043.62,144,150.3690529124055
509891,168,3043.73,144,150.37448742651054
509891,169,3034.22,144,149.90464897979348
509891,170,3031.09,144,149.75001235116844
509891,171,3029.3,144,149.6615779852774
509891,172,3020.37,144,149.22039424929596
509891,173,3027.3,144,149.56276863791317
509891,174,3033.54,144,149.87105380168964
509891,175,3033.2,144,149.85425621263772
509891,176,3030.26,144,149.70900647201225
509891,177,3025.93,144,149.4950842349686
509891,178,3025.72,144,149.48470925349537
509891,179,3020.91,144,149.2470727730843
509891,180,3014.61,144,148.93582332888693
509891,181,3022.21,144,149.3112988488711
509891,182,3026.27,144,149.51188182402052
509891,183,3017.15,144,149.0613112000395
509891,184,2948.39,144,145.66424583765624
509891,185,3008.31,144,148.62457388468948
509891,186,3002.25,144,148.32518156217577
509891,187,3084.93,144,152.4099599822143
509891,188,3098.94,144,153.10211946050097
509891,189,3028.85,144,149.63934588212044
509891,190,3012.91,144,148.85183538362728
509891,191,3045.63,144,150.4683563065066
509891,192,3037.16,144,150.04989872041892
509891,193,3035.26,144,149.9560298404229
509891,194,3026.18,144,149.50743540338914
509891,195,3021.36,144,149.26930487624128
509891,196,3016.44,144,149.02623388172523
509891,197,3077.11,144,152.0236154340201
509891,198,3061.97,144,151.27562867447259
509891,199,3054.93,144,150.9278197717504
509891,200,3049.03,144,150.63633219702584
509891,201,3039.14,144,150.14771997430955
509891,202,3027.47,144,149.5711674324391
509891,203,3014.92,144,148.95113877772837
509891,204,3024.66,144,149.43234029939234
509891,205,3022.61,144,149.33106071834396
509891,206,3020.63,144,149.23323946445333
509891,207,3055.66,144,150.96388518353837
509891,208,3056.66,144,151.01328985722049
509891,209,3043.92,144,150.38387431451017
509891,210,3040.08,144,150.19416036757076
509891,211,3029.2,144,149.6566375179092
509891,212,3022.57,144,149.32908453139666
509891,213,3036.2,144,150.0024702336841
509891,214,3033.0,144,149.8443752779013
509891,215,3031.02,144,149.74655402401066
509891,216,3019.06,144,149.1556741267724
509891,217,3019.27,144,149.16604910824563
509891,218,3037.4,144,150.06175584210266
509891,219,3030.47,144,149.71938145348548
509891,220,3034.94,144,149.94022034484465
509891,221,3026.99,144,149.54745318907166
509891,222,3020.98,144,149.2505311002421
509891,223,3016.67,144,149.0375969566721
509891,224,2983.68,144,147.4077367718986
509891,225,3009.32,144,148.67447260510846
509891,226,3003.14,144,148.36915172175287
509891,227,2999.55,144,148.19178894323403
509891,228,3065.03,144,151.4268069759399
509891,229,3070.17,144,151.68074699866608
509891,230,3042.74,144,150.32557679956523
509891,231,3031.22,144,149.7564349587471
509891,232,3034.11,144,149.89921446568846
509891,233,3035.87,144,149.986166691369
509891,234,3027.68,144,149.58154241391233
509891,235,3023.1,144,149.3552690084482
509891,236,3025.61,144,149.47927473939035
509891,237,3046.83,144,150.52764191492514
509891,238,3039.35,144,150.1580949557828
509891,239,3028.93,144,149.64329825601502
509891,240,3028.5,144,149.62205424633171
509891,241,3024.84,144,149.44123314065513
509891,242,3020.36,144,149.21990020255916
509891,243,3024.6,144,149.4293760189714
509891,244,3025.19,144,149.45852477644388
509891,245,3024.08,144,149.40368558865669
509891,246,3023.42,144,149.37107850402649
509891,247,3021.86,144,149.29400721308238
509891,248,3045.63,144,150.4683563065066
509891,249,3046.45,144,150.50886813892592
509891,250,3040.75,144,150.2272614989378
509891,251,3031.48,144,149.76928017390446
509891,252,3036.39,144,150.0118571216837
509891,253,3028.42,144,149.61810187243714
509891,254,3022.6,144,149.3305666716071
509891,255,3022.74,144,149.33748332592262
509891,256,3018.48,144,149.12701941603675
509891,257,3009.39,144,148.67793093226618
509891,258,3052.89,144,150.82703423743885
509891,259,3041.66,144,150.27221975198853
509891,260,3033.97,144,149.89229781137294
509891,261,3023.22,144,149.36119756929003
509891,262,3020.13,144,149.20853712761226
509891,263,3031.53,144,149.77175040758857
509891,264,3023.67,144,149.38342967244702
509891,265,3017.0,144,149.05390049898722
509891,266,3017.33,144,149.0702040413023
509891,267,3024.74,144,149.43629267328689
509891,268,3033.21,144,149.85475025937453
509891,269,2980.72,144,147.26149893779953
509891,270,3049.07,144,150.6383083839731
509891,271,3037.61,144,150.07213082357592
509891,272,3033.44,144,149.86611333432143
509891,273,3024.56,144,149.42739983202412
509891,274,3017.51,144,149.0790968825651
509891,275,3023.05,144,149.3527987747641
509891,276,3023.58,144,149.3789832518156
509891,277,3023.29,144,149.36465589644777
509891,278,3016.61,144,149.03463267625116
509891,279,2978.26,144,147.13996344054146
509891,280,3020.1,144,149.2070549874018
509891,281,3042.97,144,150.33693987451213
509891,282,3032.05,144,149.79744083790328
509891,283,3031.27,144,149.7589051924312
509891,284,3056.45,144,151.00291487574725
509891,285,3049.63,144,150.66597500123513
509891,286,3039.34,144,150.15760090904598
509891,287,3029.3,144,149.6615779852774
509891,288,3026.8,144,149.5380663010721
509891,289,3024.78,144,149.4382688602342
509891,290,3014.47,144,148.9289066745714
509891,291,3029.68,144,149.68035176127663
509891,292,3022.53,144,149.32710834444939
509891,293,3016.49,144,149.0287041154093
509891,294,3025.33,144,149.46544143075934
509891,295,3032.69,144,149.82905982905982
509891,296,3031.26,144,149.7584111456944
509891,297,3022.88,144,149.34439998023814
509891,298,3020.04,144,149.20409070698088
509891,299,3027.58,144,149.57660194654414
509891,300,3019.69,144,149.18679907119215
509891,301,3015.2,144,148.96497208635935
509891,302,3021.22,144,149.2623882219258
509891,303,2987.21,144,147.58213526999654
509891,304,3008.06,144,148.61222271626895
509891,305,3001.42,144,148.2841756830196
509891,306,2990.42,144,147.7407242725162
509891,307,2983.7,144,147.40872486537225
509891,308,2976.99,144,147.07721950496514
509891,309,2968.32,144,146.64888098414113
509891,310,2961.85,144,146.32923274541773
509891,311,2953.32,144,145.90781087890915
509891,312,2949.15,144,145.70179338965465
509891,313,2944.2,144,145.4572402549281
509891,314,2942.63,144,145.3796749172472
509891,315,2935.98,144,145.05113383726098
509891,316,2935.37,144,145.02099698631488
509891,317,2930.77,144,144.79373548737712
509891,318,2928.45,144,144.67911664443454
509891,319,2923.16,144,144.41776592065608
509891,320,2919.43,144,144.23348648782172
509891,321,2914.99,144,144.01412973667308
509891,322,2913.53,144,143.94199891309717
509891,323,2908.41,144,143.68904698384466
509891,324,2823.08,144,139.4733461785485
509891,325,2821.37,144,139.38886418655204
509891,326,2787.99,144,137.73973617904252
509891,327,2797.26,144,138.19771750407588
509891,328,2890.97,144,142.8274294748283
509891,329,2886.36,144,142.5996739291537
509891,330,2887.43,144,142.65253692999354
509891,331,2882.28,144,142.3981028605306
509891,332,2879.87,144,142.27903759695667
509891,333,2873.28,144,141.95346079739144
509891,334,2869.97,144,141.78993132750358
509891,335,2865.47,144,141.56761029593397
509891,336,2861.47,144,141.36999160120544
509891,337,2858.46,144,141.22128353342225
509891,338,2853.85,144,140.99352798774765
509891,339,2850.29,144,140.81764734943923
509891,340,2817.97,144,139.2208882960328
509891,341,2782.0,144,137.44380218368659
509891,342,2784.87,144,137.5855935971543
509891,343,2774.21,144,137.05893977570278
509891,344,2779.84,144,137.33708808853316
509891,345,2775.61,144,137.12810631885776
509891,346,2769.52,144,136.82723185613358
509891,347,2747.59,144,135.74378736228448
509891,348,2739.91,144,135.36435946840572
509891,349,2737.44,144,135.24232992441085
509891,350,2735.17,144,135.1301813151524
509891,351,2788.32,144,137.75603972135764
509891,352,2787.85,144,137.73281952472703
509891,353,2696.99,144,133.24391087396867
509891,354,2712.73,144,134.0215404377254
509891,355,2659.4,144,131.38678919025742
509891,356,2705.25,144,133.65199347858308
509891,357,2773.48,144,137.02287436391484
509891,358,2771.97,144,136.94827330665478
509891,359,2747.25,144,135.72698977323256
509891,360,2699.32,144,133.35902376364805
509891,361,2699.79,144,133.38224396027863
509891,362,2693.45,144,133.06901832913394
509891,363,2692.97,144,133.0453040857665
509891,364,2691.92,144,132.99342917840028
509891,365,2685.97,144,132.69947136999158
509891,366,2685.48,144,132.67526307988734
509891,367,2676.73,144,132.24297218516872
509891,368,2680.37,144,132.42280519737167
509891,369,2673.37,144,132.07697248159673
509891,370,2633.58,144,130.11116051578477
509891,371,2609.27,144,128.91013289857221
509891,372,2606.59,144,128.77772837310408
509891,373,2609.73,144,128.93285904846599
509891,374,2597.89,144,128.34790771206957
509891,375,2600.75,144,128.48920507880047
509891,376,2600.87,144,128.49513363964232
509891,377,2593.61,144,128.13645570871003
509891,378,2588.76,144,127.89684304135172
509891,379,2583.72,144,127.64784348599377
509891,380,2582.63,144,127.59399239168026
509891,381,2525.88,144,124.79027716021936
509891,382,2501.51,144,123.58628526258585
509891,383,2506.59,144,123.83726100489106
509891,384,2491.95,144,123.11397658218466
509891,385,2504.39,144,123.72857072279038
509891,386,2492.61,144,123.14658366681488
509891,387,2499.48,144,123.48599377501111
509891,388,2496.91,144,123.35902376364803
509891,389,2481.52,144,122.59868583568006
509891,390,2493.15,144,123.17326219060323
509891,391,2489.97,144,123.01615532829406
509891,392,2450.26,144,121.05429573637666
509891,393,2423.26,144,119.72036954695916
509891,394,2414.35,144,119.28017390445135
509891,395,2411.02,144,119.11565634108987
509891,396,2391.53,144,118.15275925102516
509891,397,2412.82,144,119.2045847537177
509891,398,2386.61,144,117.90968825650907
509891,399,2402.05,144,118.67249641816116
509891,400,2384.07,144,117.78420038535647
509891,401,2357.86,144,116.48930388814782
509891,402,2359.01,144,116.54611926288227
509891,403,2315.97,144,114.41974210760335
509891,404,2281.18,144,112.70095351020207
509891,405,2284.95,144,112.8872091299837
509891,406,2275.69,144,112.42972185168718
509891,407,2268.68,144,112.08339508917541
509891,408,2273.62,144,112.32745417716514
509891,409,2256.85,144,111.49893779951583
509891,410,2257.64,144,111.53796749172471
509891,411,2267.42,144,112.02114520033595
509891,412,2252.07,144,111.26278345931527
509891,413,2251.36,144,111.22770614100094
509891,414,2184.8,144,107.93933106071835
509891,415,2148.67,144,106.15434020058298
509891,416,2169.07,144,107.16219554369843
509891,417,2156.57,144,106.54463712267183
509891,418,2161.14,144,106.77041648139914
509891,419,2155.45,144,106.4893038881478
509891,420,2153.58,144,106.39691714836223
509891,421,2151.88,144,106.31292920310263
509891,422,2153.14,144,106.3751790919421
509891,423,2151.59,144,106.2986018477348
509891,424,2141.82,144,105.81591818586038
509891,425,2101.26,144,103.8120646213132
509891,426,2078.38,144,102.68168568746603
509891,427,2081.76,144,102.84867348451164
509891,428,2062.31,144,101.8877525813942
509891,429,2074.95,144,102.51222765673633
509891,430,2074.39,144,102.48456103947431
509891,431,2071.58,144,102.34573390642755
509891,432,2062.38,144,101.89121090855195
509891,433,2048.99,144,101.22968232794823
509891,434,2049.27,144,101.24351563657922
509891,435,2057.52,144,101.65110419445678
509891,436,1997.48,144,98.6848475865817
509891,437,1979.59,144,97.80099797440838
509891,438,1978.3,144,97.73726594535843
509891,439,1965.39,144,97.09945160812215
509891,440,1973.47,144,97.49864137147374
509891,441,1961.57,144,96.9107257546564
509891,442,1967.55,144,97.20616570327553
509891,443,1963.26,144,96.99421965317919
509891,444,1945.4,144,96.11185218121635
509891,445,1953.94,144,96.53376809446173
509891,446,1941.77,144,95.9325132157502
509891,447,1858.0,144,91.79388370139816
509891,448,1806.74,144,89.26140012845215
509891,449,1801.78,144,89.01635294698879
509891,450,1801.75,144,89.01487080677832
509891,451,1798.74,144,88.86616273899511
509891,452,1807.08,144,89.27819771750407
509891,453,1798.17,144,88.8380020749963
509891,454,1809.39,144,89.3923225137098
509891,455,1800.71,144,88.96348994614891
509891,456,1793.01,144,88.5830739587965
509891,457,1785.34,144,88.20414011165457
509891,458,1681.84,144,83.09075638555407
509891,459,1638.59,144,80.95400424880194
509891,460,1641.12,144,81.07899807321773
509891,461,1618.86,144,79.9792500370535
509891,462,1632.44,144,80.65016550565684
509891,463,1615.26,144,79.80139321179783
509891,464,1623.21,144,80.19416036757077
509891,465,1616.63,144,79.86907761474235
509891,466,1625.1,144,80.28753520082999
509891,467,1619.97,144,80.03408922484068
509891,468,1602.9,144,79.1907514450867
509891,469,1518.94,144,75.04273504273505
509891,470,1467.12,144,72.48258485252705
509891,471,1453.51,144,71.81018724371326
509891,472,1467.05,144,72.4791265253693
509891,473,1469.17,144,72.58386443357541
509891,474,1466.44,144,72.4489896744232
509891,475,1475.76,144,72.90944123314065
509891,476,1477.62,144,73.00133392618942
509891,477,1471.12,144,72.68020354725557
509891,478,1475.97,144,72.9198162146139
509891,479,1449.71,144,71.62244948372116
509891,480,1321.16,144,65.27147868188331
509891,481,1293.02,144,63.88123116446816
509891,482,1308.78,144,64.65984882169853
509891,483,1309.13,144,64.67714045748728
509891,484,1318.49,144,65.13956820315202
509891,485,1309.22,144,64.68158687811867
509891,486,1331.48,144,65.7813349142829
509891,487,1315.87,144,65.01012795810483
509891,488,1331.95,144,65.8045551109135
509891,489,1324.26,144,65.42463317029791
509891,490,1308.32,144,64.63712267180475
509891,491,1232.14,144,60.873474630700066
509891,492,1184.6,144,58.52477644385158
509891,493,1177.21,144,58.15967590534065
509891,494,1187.46,144,58.66607381058248
509891,495,1159.45,144,57.28224890074601
509891,496,1139.43,144,56.29316733362977
509891,497,1174.91,144,58.04604515587175
509891,498,1162.67,144,57.44133195000247
509891,499,1165.53,144,57.58262931673336
509891,500,1164.85,144,57.549034138629516
509891,501,1173.94,144,57.99812262240008
509891,502,1756.59,144,86.78375574329331
509891,503,2417.73,144,119.44716170149697
509891,504,2411.64,144,119.14628723877277
509891,505,2410.78,144,119.10379921940617
509891,506,2405.07,144,118.82169853268121
509891,507,2333.91,144,115.3060619534608
509891,508,2327.59,144,114.99382441578975
509891,509,2358.76,144,116.53376809446175
509891,510,2392.86,144,118.21846746702239
509891,511,2390.29,144,118.0914974556593
509891,512,2382.21,144,117.6923076923077
509891,513,2377.2,144,117.4447902771602
509891,514,2373.02,144,117.23827874116891
509891,515,2367.17,144,116.94926140012846
509891,516,2361.2,144,116.65431549824612
509891,517,2355.76,144,116.38555407341535
509891,518,2348.88,144,116.04564991848231
509891,519,2343.41,144,115.77540635344104
509891,520,2340.47,144,115.63015661281557
509891,521,2337.25,144,115.47107356355912
509891,522,2337.11,144,115.46415690924361
509891,523,2335.15,144,115.36732374882664
509891,524,2333.34,144,115.27790128946201
509891,525,2328.79,144,115.0531100242083
509891,526,2326.95,144,114.96220542463315
509891,527,2322.72,144,114.75322365495776
509891,528,2323.55,144,114.79422953411392
509891,529,2317.61,144,114.50076577244208
509891,530,2315.41,144,114.39207549034138
509891,531,2316.54,144,114.44790277160219
509891,532,2315.41,144,114.39207549034138
509891,533,2315.21,144,114.38219455560495
509891,534,2311.59,144,114.20334963687567
509891,535,2305.62,144,113.90840373499331
509891,536,2306.3,144,113.9419989130972
509891,537,2304.47,144,113.85158836025886
509891,538,2303.49,144,113.80317178005038
509891,539,2301.81,144,113.72017192826442
509891,540,2295.74,144,113.42028555901388
509891,541,2293.28,144,113.29875006175585
509891,542,2298.15,144,113.53935082258782
509891,543,2292.76,144,113.27305963144116
509891,544,2291.01,144,113.18660145249743
509891,545,2288.67,144,113.07099451608124
509891,546,2286.04,144,112.94106022429722
509891,547,2282.94,144,112.78790573588262
509891,548,2278.87,144,112.58682871399634
509891,549,2281.46,144,112.71478681883306
509891,550,2277.82,144,112.53495380663011
509891,551,2274.36,144,112.36401363568994
509891,552,2270.83,144,112.18961513759201
509891,553,2269.73,144,112.13526999654167
509891,554,2268.5,144,112.07450224791265
509891,555,2264.86,144,111.8946692357097
509891,556,2263.3,144,111.81759794476558
509891,557,2258.78,144,111.59428881972237
509891,558,2257.23,144,111.51771157551504
509891,559,2255.84,144,111.44903907909688
509891,560,2250.61,144,111.19065263573934
509891,561,2250.42,144,111.18126574773973
509891,562,2249.79,144,111.15014080332
509891,563,2234.92,144,110.41549330566673
509891,564,2165.3,144,106.97593992391683
509891,565,2127.01,144,105.08423496862805
509891,566,2168.8,144,107.14885628180426
509891,567,2225.27,144,109.93873820463416
509891,568,2241.43,144,110.73711773133736
509891,569,2239.12,144,110.62299293513165
509891,570,2125.67,144,105.01803270589397
509891,571,2113.68,144,104.42567066844524
509891,572,2076.61,144,102.59423941504866
509891,573,2150.62,144,106.25067931426312
509891,574,2164.01,144,106.91220789486687
509891,575,2247.28,144,111.02613507237787
509891,576,2244.64,144,110.89570673385703
509891,577,2126.85,144,105.0763302208389
509891,578,2079.19,144,102.72170347314857
509891,579,2119.02,144,104.6894916259078
509891,580,2154.78,144,106.4562027567808
509891,581,2245.33,144,110.9297959586977
509891,582,2243.86,144,110.85717108838497
509891,583,2240.89,144,110.71043920754903
509891,584,2228.02,144,110.07460105726001
509891,585,2093.94,144,103.45042240995998
509891,586,2174.4,144,107.42552245442418
509891,587,2073.77,144,102.45393014179142
509891,588,2093.91,144,103.4489402697495
509891,589,2231.84,144,110.26332691072575
509891,590,2236.75,144,110.505903858505
509891,591,2236.66,144,110.50145743787361
509891,592,2229.52,144,110.14870806778322
509891,593,2210.6,144,109.21397164171731
509891,594,2101.65,144,103.83133244404922
509891,595,2039.55,144,100.7633022083889
509891,596,2122.35,144,104.8540091892693
509891,597,2147.43,144,106.09307840521713
509891,598,2223.68,144,109.86018477347957
509891,599,2220.12,144,109.68430413517119
509891,600,2216.79,144,109.51978657180969
509891,601,2174.36,144,107.42354626747691
509891,602,2061.51,144,101.84822884244849
509891,603,2008.33,144,99.22088829603281
509891,604,2160.63,144,106.74522009782127
509891,605,2007.01,144,99.1556741267724
509891,606,1860.52,144,91.91838347907712
509891,607,1958.07,144,96.73780939676894
509891,608,2132.24,144,105.34262141198558
509891,609,2159.17,144,106.67308927424534
509891,610,2141.26,144,105.78825156859841
509891,611,2095.22,144,103.51366039227311
509891,612,2038.08,144,100.69067733807618
509891,613,2095.27,144,103.51613062595723
509891,614,2023.63,144,99.97677980336941
509891,615,2089.47,144,103.22958351860086
509891,616,2122.48,144,104.86043179684798
509891,617,2087.42,144,103.12830393755252
509891,618,2055.99,144,101.57551504372313
509891,619,1965.47,144,97.1034039820167
509891,620,1996.79,144,98.65075836174103
509891,621,2000.28,144,98.82318067289165
509891,622,2080.1,144,102.7666617261993
509891,623,2065.17,144,102.02904994812509
509891,624,2027.87,144,100.18625561978163
509891,625,1978.53,144,97.74862902030532
509891,626,1890.95,144,93.42176769922435
509891,627,1917.96,144,94.75618793537869
509891,628,2027.79,144,100.18230324588706
509891,629,2030.21,144,100.30186255619782
509891,630,2027.92,144,100.18872585346574
509891,631,2059.69,144,101.75831233634703
509891,632,2045.34,144,101.04935526900844
509891,633,1959.68,144,96.81735092139716
509891,634,2003.53,144,98.98374586235857
509891,635,1975.75,144,97.611284027469
509891,636,1909.66,144,94.34612914381701
509891,637,2030.36,144,100.30927325725014
509891,638,2098.56,144,103.67867200237143
509891,639,2095.38,144,103.52156514006225
509891,640,2091.18,144,103.3140655105973
509891,641,2089.46,144,103.22908947186404
509891,642,2086.24,144,103.07000642260756
509891,643,2086.01,144,103.0586433476607
509891,644,2083.02,144,102.91092337335112
509891,645,2080.41,144,102.78197717504074
509891,646,2078.13,144,102.66933451904552
509891,647,2076.06,144,102.5670668445235
509891,648,2074.98,144,102.51370979694678
509891,649,2073.16,144,102.4237932908453
509891,650,2071.71,144,102.35215651400623
509891,651,2072.08,144,102.37043624326861
509891,652,2070.55,144,102.29484709253497
509891,653,2066.27,144,102.08339508917544
509891,654,2064.73,144,102.00731189170496
509891,655,2063.4,144,101.94160367570773
509891,656,2059.34,144,101.74102070055827
509891,657,2056.04,144,101.57798527740724
509891,658,2057.23,144,101.63677683908898
509891,659,2053.1,144,101.43273553678176
509891,660,2052.47,144,101.40161059236203
509891,661,2049.99,144,101.27908700163033
509891,662,2037.07,144,100.64077861765723
509891,663,1979.42,144,97.79259917988242
509891,664,1969.14,144,97.28471913443012
509891,665,1962.84,144,96.97346969023269
509891,666,2042.94,144,100.93078405217135
509891,667,2059.53,144,101.75040758855788
509891,668,2065.65,144,102.05276419149253
509891,669,2059.84,144,101.76572303739935
509891,670,2045.77,144,101.07059927869176
509891,671,2037.18,144,100.64621313176228
509891,672,2046.19,144,101.09134924163826
509891,673,2054.71,144,101.51227706141
509891,674,2060.28,144,101.78746109381947
509891,675,2057.74,144,101.66197322266686
509891,676,2038.35,144,100.70401659997036
509891,677,2038.86,144,100.72921298354824
509891,678,2033.93,144,100.48564794229536
509891,679,2028.97,144,100.24060076083198
509891,680,2025.53,144,100.07064868336545
509891,681,2022.42,144,99.91700014821402
509891,682,2024.6,144,100.02470233684106
509891,683,2025.44,144,100.06620226273405
509891,684,1021.9,144,50.48663603576898
509891,685,37.5477,144,1.8550318660145246
509891,686,61.9066,144,3.0584753717701694
509891,687,105.445,144,5.209475816412232
509891,688,150.875,144,7.453930141791414
509891,689,255.173,144,12.606738797490243
509891,690,352.959,144,17.437824218171038
509891,691,531.53,144,26.26006620226273
509891,692,682.922,144,33.73953856034781
509891,693,951.261,144,46.99673929153698
509891,694,1150.31,144,56.83069018329134
509891,695,1441.17,144,71.20053357047577
509891,696,1587.43,144,78.42646114322416
509891,697,1846.78,144,91.23956326268465
509891,698,1923.24,144,95.01704461242034
509891,699,2016.47,144,99.62304233980535
509891,700,1970.19,144,97.33659404179636
509891,701,1874.66,144,92.61696556494245
509891,702,1719.14,144,84.93355071389753
509891,703,1485.01,144,73.36643446470036
509891,704,1291.98,144,63.829850303838754
509891,705,993.736,144,49.09520280618546
509891,706,803.717,144,39.70737611778074
509891,707,559.943,144,27.663801195593102
509891,708,456.233,144,22.540042488019367
509891,709,266.794,144,13.180870510350276
509891,710,213.1,144,10.528135961661974
509891,711,107.692,144,5.320488118175979
509891,712,78.2543,144,3.8661281557235316
509891,713,36.7969,144,1.8179388370139815
509891,714,1138.89,144,56.26648880984142
509891,715,134.038,144,6.622103651005387
509891,716,182.281,144,9.005533323452399
509891,717,272.277,144,13.4517563361494
509891,718,360.783,144,17.824366385060028
509891,719,501.4,144,24.771503384220146
509891,720,628.542,144,31.052912405513563
509891,721,831.595,144,41.08467961069117
509891,722,973.134,144,48.07736771898622
509891,723,1230.97,144,60.81567116249198
509891,724,1372.48,144,67.80692653525024
509891,725,1625.73,144,80.31866014524975
509891,726,1721.39,144,85.04471122968235
509891,727,1914.23,144,94.57190850254435
509891,728,1954.99,144,96.58564300182798
509891,729,2005.89,144,99.10034089224841
509891,730,1965.62,144,97.11081468306902
509891,731,1881.9,144,92.97465540240107
509891,732,1776.2,144,87.7525813941999
509891,733,1575.84,144,77.85386097524825
509891,734,1428.96,144,70.59730250481695
509891,735,1168.07,144,57.708117187885975
509891,736,1022.89,144,50.535546662714296
509891,737,775.984,144,38.337236302554224
509891,738,677.906,144,33.49172471715824
509891,739,457.083,144,22.582036460649178
509891,740,377.994,144,18.674670223803172
509891,741,245.844,144,12.145842596709649
509891,742,197.699,144,9.767254582283485
509891,743,120.239,144,5.940368558865669
509891,744,1074.64,144,53.092238525764536
509891,745,1998.53,144,98.73672249394792
509891,746,1996.53,144,98.63791314658367
509891,747,1995.9,144,98.60678820216393
509891,748,1992.79,144,98.4531396670125
509891,749,1994.46,144,98.53564547206166
509891,750,1992.48,144,98.43782421817104
509891,751,1989.8,144,98.30541969270293
509891,752,1986.13,144,98.12410454028951
509891,753,1985.32,144,98.08408675460699
509891,754,1984.3,144,98.03369398745122
509891,755,1982.79,144,97.95909293019119
509891,756,1983.54,144,97.9961464354528
509891,757,1978.9,144,97.7669087495677
509891,758,1975.4,144,97.59399239168026
509891,759,1975.96,144,97.62165900894225
509891,760,1974.69,144,97.55891507336594
509891,761,1970.49,144,97.35141544390099
509891,762,1968.97,144,97.27632033990416
509891,763,1966.16,144,97.13749320685737
509891,764,1963.56,144,97.00904105528383
509891,765,1960.02,144,96.83414851044908
509891,766,1958.53,144,96.76053554666271
509891,767,1961.33,144,96.89886863297268
509891,768,1958.09,144,96.73879749024258
509891,769,1956.54,144,96.66222024603528
509891,770,1954.02,144,96.53772046835631
509891,771,1951.88,144,96.43199446667654
509891,772,1950.36,144,96.35689936267971
509891,773,1948.44,144,96.26204238921002
509891,774,1946.15,144,96.14890568647795
509891,775,1946.03,144,96.14297712563608
509891,776,1945.85,144,96.1340842843733
509891,777,1942.17,144,95.95227508522306
509891,778,1939.55,144,95.82283484017589
509891,779,1941.0,144,95.89447161701497
509891,780,1938.91,144,95.79121584901932
509891,781,1935.36,144,95.61582925744776
509891,782,1932.35,144,95.46712118966454
509891,783,1931.79,144,95.43945457240255
509891,784,1930.89,144,95.39499036608863
509891,785,1929.13,144,95.30803814040809
509891,786,1926.92,144,95.19885381157057
509891,787,1926.41,144,95.1736574279927
509891,788,1924.73,144,95.09065757620671
509891,789,1923.53,144,95.03137196778815
509891,790,1920.37,144,94.87525319895262
509891,791,1917.37,144,94.7270391779062
509891,792,1915.25,144,94.62230126970012
509891,793,1913.97,144,94.55906328738699
509891,794,1911.48,144,94.43604564991848
509891,795,1908.38,144,94.2828911615039
509891,796,1909.28,144,94.3273553678178
509891,797,1907.91,144,94.25967096487328
509891,798,1906.14,144,94.17222469245591
509891,799,1902.26,144,93.98053455856925
509891,800,1901.08,144,93.92223704362432
509891,801,1900.34,144,93.88567758509956
509891,802,1900.99,144,93.91779062299294
509891,803,1896.7,144,93.7058445728966
509891,804,1894.29,144,93.58677930932267
509891,805,1892.18,144,93.48253544785337
509891,806,1889.71,144,93.36050590385851
509891,807,1888.02,144,93.2770120053357
509891,808,1881.63,144,92.9613161405069
509891,809,1879.04,144,92.83335803567017
509891,810,1883.9,144,93.07346474976532
509891,811,1880.77,144,92.91882812114027
509891,812,1878.26,144,92.7948223901981
509891,813,1874.14,144,92.59127513462774
509891,814,1875.26,144,92.64660836915172
509891,815,1875.45,144,92.65599525715133
509891,816,1876.08,144,92.68712020157106
509891,817,1870.45,144,92.40897188874068
509891,818,1868.96,144,92.3353589249543
509891,819,1867.79,144,92.27755545674621
509891,820,1867.21,144,92.24890074601058
509891,821,1866.69,144,92.22321031569587
509891,822,1864.3,144,92.10513314559557
509891,823,1862.78,144,92.03003804159873
509891,824,1863.12,144,92.04683563065066
509891,825,1861.45,144,91.9643298256015
509891,826,1858.38,144,91.81265747739737
509891,827,1856.85,144,91.7370683266637
509891,828,1850.0,144,91.3986463119411
509891,829,1849.86,144,91.39172965762562
509891,830,1851.5,144,91.4727533224643
509891,831,1847.88,144,91.29390840373502
509891,832,1847.01,144,91.25092633763154
509891,833,1846.69,144,91.23511684205326
509891,834,1844.61,144,91.13235512079443
509891,835,1842.56,144,91.03107553974606
509891,836,1840.32,144,90.92040907069808
509891,837,1838.89,144,90.84976038733264
509891,838,1837.02,144,90.75737364754706
509891,839,1832.3,144,90.5241835877674
509891,840,1831.31,144,90.4752729608221
509891,841,1831.31,144,90.4752729608221
509891,842,1828.61,144,90.34188034188034
509891,843,1823.61,144,90.09485697346969
509891,844,1823.61,144,90.09485697346969
509891,845,1824.83,144,90.15513067536189
509891,846,1823.44,144,90.08645817894373
509891,847,1821.21,144,89.97628575663258
509891,848,1819.37,144,89.88538115705745
509891,849,1818.22,144,89.82856578232301
509891,850,1817.7,144,89.8028753520083
509891,851,1815.99,144,89.71839336001186
509891,852,1813.46,144,89.59339953559606
509891,853,1811.81,144,89.51188182402055
509891,854,1809.92,144,89.41850699076133
509891,855,1808.0,144,89.32365001729164
509891,856,1808.68,144,89.35724519539548
509891,857,1804.78,144,89.16456696803517
509891,858,1804.89,144,89.17000148214021
509891,859,1803.31,144,89.09194209772244
509891,860,1801.71,144,89.01289461983103
509891,861,1799.4,144,88.89876982362532
509891,862,1797.89,144,88.82416876636532
509891,863,1792.01,144,88.53366928511437
509891,864,1791.61,144,88.51390741564153
509891,865,1793.1,144,88.5875203794279
509891,866,1791.5,144,88.50847290153648
509891,867,1788.8,144,88.37508028259474
509891,868,1784.69,144,88.17202707376117
509891,869,1781.35,144,88.00701546366287
509891,870,1776.08,144,87.74665283335804
509891,871,1780.2,144,87.95020008892841
509891,872,1781.64,144,88.02134281903068
509891,873,1780.71,144,87.9753964725063
509891,874,1778.99,144,87.89042043377303
509891,875,1776.78,144,87.78123610493553
509891,876,1774.26,144,87.65673632725655
509891,877,1768.93,144,87.3934094165308
509891,878,1768.04,144,87.3494392569537
509891,879,1768.68,144,87.38105824811026
509891,880,1770.29,144,87.4605997727385
509891,881,1769.67,144,87.42996887505558
509891,882,1768.23,144,87.35882614495331
509891,883,1765.98,144,87.24766562916852
509891,884,1765.79,144,87.23827874116891
509891,885,1762.31,144,87.0663504767551
509891,886,1763.74,144,87.13699916012055
509891,887,1762.54,144,87.07771355170199
509891,888,1761.97,144,87.04955288770317
509891,889,1759.28,144,86.91665431549825
509891,890,1755.23,144,86.71656538708562
509891,891,1756.63,144,86.7857319302406
509891,892,1754.24,144,86.66765476014031
509891,893,1752.13,144,86.56341089867104
509891,894,1753.7,144,86.64097623635196
509891,895,1751.48,144,86.53129786077763
509891,896,1747.94,144,86.3564053159429
509891,897,1747.78,144,86.34850056815375
509891,898,1746.95,144,86.30749468899758
509891,899,1745.84,144,86.25265550121041
509891,900,1742.07,144,86.06639988142878
509891,901,1739.8,144,85.95425127217035
509891,902,1738.21,144,85.87569784101576
509891,903,1737.67,144,85.84901931722742
509891,904,1735.55,144,85.7442814090213
509891,905,1732.62,144,85.59952571513266
509891,906,1734.37,144,85.68598389407639
509891,907,1732.05,144,85.57136505113384
509891,908,1729.7,144,85.45526406798083
509891,909,1728.56,144,85.3989427399832
509891,910,1726.61,144,85.30260362630305
509891,911,1725.0,144,85.22306210167481
509891,912,1722.76,144,85.11239563262684
509891,913,1719.64,144,84.9582530507386
509891,914,1720.04,144,84.97801492021145
509891,915,1719.17,144,84.935032854108
509891,916,1534.88,144,75.8302455412282
509891,917,0.349503,0,0.0
509891,918,0.346436,0,0.0
509891,919,0.0,0,0.0
509891,920,0.344622,0,0.0
509891,921,0.0,0,0.0
509891,922,0.0,0,0.0
509891,923,0.0,0,0.0
509891,924,0.0,0,0.0
509891,925,0.0,0,0.0
509891,926,0.0,0,0.0
509891,927,0.0,0,0.0
509891,928,0.0,0,0.0
